country_id,year,total_floorspace_m2,res_share,nres_share,residential_floorspace_m2,non_residential_floorspace_m2,v6_estimate_status,composition_status,interpolation_from,composition_source,method_id,qa_flags,period_end,nowcast_horizon_years,nowcast_method
AFG,2020,853208432.45,0.9899967075017845,0.010003292498215488,844673538.9382588,8534893.511741282,observed_2.5d,historical_estimated,,GHS-BUILT-V R2023A,ghs_built_v_volume_share,none,2020-12-31,0.0,observed_input_imputation
AFG,2023,904786946.28,0.9900589643607364,0.009941035639263648,895792427.0010899,8994519.278910004,observed_2.5d,interpolated,2020-2025,GHS-BUILT-V R2023A,ghs_built_v_volume_share,none,2023-12-31,0.0,observed_input_imputation
AFG,2024,916665812.63,0.9900797166470536,0.009920283352946367,907572228.0287515,9093584.601248443,footprint_trend_nowcast,interpolated,2020-2025,GHS-BUILT-V R2023A,ghs_built_v_volume_share,modeled_trend_not_observed;no_dynamic_world_input;forecast_accuracy_unvalidated,2024-08-31,0.6666666666666666,full_footprint_fixed_height
AFG,2025,934777169.53,0.9901004689333709,0.009899531066629087,925523313.8998622,9253855.63013784,footprint_trend_nowcast,projected,,GHS-BUILT-V R2023A,ghs_built_v_volume_share,modeled_trend_not_observed;no_dynamic_world_input;forecast_accuracy_unvalidated,2025-08-31,1.6666666666666663,full_footprint_fixed_height
AFG,2026,953246368.13,0.9901023104035104,0.009897689596489559,943811431.4692682,9434936.660731757,footprint_trend_nowcast,interpolated,2025-2030,GHS-BUILT-V R2023A,ghs_built_v_volume_share,modeled_trend_not_observed;no_dynamic_world_input;forecast_accuracy_unvalidated,2026-08-31,2.6666666666666665,full_footprint_fixed_height
AGO,2020,512504617.86,0.9804168636275615,0.019583136372438453,502468170.0369432,10036447.823056836,observed_2.5d,historical_estimated,,GHS-BUILT-V R2023A,ghs_built_v_volume_share,none,2020-12-31,0.0,observed_input_imputation
AGO,2023,515655178.64,0.9803018228883793,0.019698177111620654,505497711.60262483,10157467.037375107,observed_2.5d,interpolated,2020-2025,GHS-BUILT-V R2023A,ghs_built_v_volume_share,none,2023-12-31,0.0,observed_input_imputation
AGO,2024,516357929.26,0.9802634759753186,0.01973652402468139,506166818.5838253,10191110.676174724,footprint_trend_nowcast,interpolated,2020-2025,GHS-BUILT-V R2023A,ghs_built_v_volume_share,modeled_trend_not_observed;no_dynamic_world_input;forecast_accuracy_unvalidated,2024-08-31,0.6666666666666666,full_footprint_fixed_height
AGO,2025,517413851.34,0.9802251290622579,0.019774870937742123,507182059.2083514,10231792.131648589,footprint_trend_nowcast,projected,,GHS-BUILT-V R2023A,ghs_built_v_volume_share,modeled_trend_not_observed;no_dynamic_world_input;forecast_accuracy_unvalidated,2025-08-31,1.6666666666666663,full_footprint_fixed_height
AGO,2026,518471932.72,0.9801981493328673,0.019801850667132727,508205228.9331789,10266703.786821127,footprint_trend_nowcast,interpolated,2025-2030,GHS-BUILT-V R2023A,ghs_built_v_volume_share,modeled_trend_not_observed;no_dynamic_world_input;forecast_accuracy_unvalidated,2026-08-31,2.6666666666666665,full_footprint_fixed_height
ALB,2020,161276383.52,0.9438460222806969,0.05615397771930305,152220073.07316816,9056310.446831854,observed_2.5d,historical_estimated,,GHS-BUILT-V R2023A,ghs_built_v_volume_share,none,2020-12-31,0.0,observed_input_imputation
ALB,2023,169295544.74,0.9431008572200944,0.05689914277990551,159662773.36783686,9632771.372163141,observed_2.5d,interpolated,2020-2025,GHS-BUILT-V R2023A,ghs_built_v_volume_share,none,2023-12-31,0.0,observed_input_imputation
ALB,2024,171131047.07,0.9428524688665603,0.057147531133439664,161351330.22966903,9779716.840330953,footprint_trend_nowcast,interpolated,2020-2025,GHS-BUILT-V R2023A,ghs_built_v_volume_share,modeled_trend_not_observed;no_dynamic_world_input;forecast_accuracy_unvalidated,2024-08-31,0.6666666666666666,full_footprint_fixed_height
ALB,2025,173921681.37,0.9426040805130261,0.05739591948697382,163939286.54904836,9982394.820951635,footprint_trend_nowcast,projected,,GHS-BUILT-V R2023A,ghs_built_v_volume_share,modeled_trend_not_observed;no_dynamic_world_input;forecast_accuracy_unvalidated,2025-08-31,1.6666666666666663,full_footprint_fixed_height
ALB,2026,176757822.54,0.9424389126856288,0.05756108731437112,166583450.08327693,10174372.456723055,footprint_trend_nowcast,interpolated,2025-2030,GHS-BUILT-V R2023A,ghs_built_v_volume_share,modeled_trend_not_observed;no_dynamic_world_input;forecast_accuracy_unvalidated,2026-08-31,2.6666666666666665,full_footprint_fixed_height
AND,2020,2995448.59,0.973908999029551,0.02609100097044907,2917294.3379313797,78154.25206862029,observed_2.5d,historical_estimated,,GHS-BUILT-V R2023A,ghs_built_v_volume_share,none,2020-12-31,0.0,observed_input_imputation
AND,2023,3230172.18,0.9741203270327166,0.025879672967283433,3146576.380353583,83595.799646417,observed_2.5d,interpolated,2020-2025,GHS-BUILT-V R2023A,ghs_built_v_volume_share,none,2023-12-31,0.0,observed_input_imputation
AND,2024,3270676.28,0.9741907697004385,0.025809230299561555,3186262.6426541666,84413.63734583327,footprint_trend_nowcast,interpolated,2020-2025,GHS-BUILT-V R2023A,ghs_built_v_volume_share,modeled_trend_not_observed;no_dynamic_world_input;forecast_accuracy_unvalidated,2024-08-31,0.6666666666666666,full_footprint_fixed_height
AND,2025,3332386.73,0.9742612123681603,0.025738787631839677,3246615.135649369,85771.59435063066,footprint_trend_nowcast,projected,,GHS-BUILT-V R2023A,ghs_built_v_volume_share,modeled_trend_not_observed;no_dynamic_world_input;forecast_accuracy_unvalidated,2025-08-31,1.6666666666666663,full_footprint_fixed_height
AND,2026,3395261.51,0.9743535465907015,0.025646453409298473,3308185.0938714,87076.41612859938,footprint_trend_nowcast,interpolated,2025-2030,GHS-BUILT-V R2023A,ghs_built_v_volume_share,modeled_trend_not_observed;no_dynamic_world_input;forecast_accuracy_unvalidated,2026-08-31,2.6666666666666665,full_footprint_fixed_height
ARE,2020,511804054.87,0.784112569086391,0.21588743091360893,401311992.33294797,110492062.53705204,observed_2.5d,historical_estimated,,GHS-BUILT-V R2023A,ghs_built_v_volume_share,none,2020-12-31,0.0,observed_input_imputation
ARE,2023,551729412.03,0.7825860250753028,0.21741397492469722,431775727.47769165,119953684.55230835,observed_2.5d,interpolated,2020-2025,GHS-BUILT-V R2023A,ghs_built_v_volume_share,none,2023-12-31,0.0,observed_input_imputation
ARE,2024,562550141.61,0.7820771770716067,0.2179228229283933,439957626.7115814,122592514.8984186,footprint_trend_nowcast,interpolated,2020-2025,GHS-BUILT-V R2023A,ghs_built_v_volume_share,modeled_trend_not_observed;no_dynamic_world_input;forecast_accuracy_unvalidated,2024-08-31,0.6666666666666666,full_footprint_fixed_height
ARE,2025,579180446.56,0.7815683290679106,0.2184316709320894,452669093.84670544,126511352.71329449,footprint_trend_nowcast,projected,,GHS-BUILT-V R2023A,ghs_built_v_volume_share,modeled_trend_not_observed;no_dynamic_world_input;forecast_accuracy_unvalidated,2025-08-31,1.6666666666666663,full_footprint_fixed_height
ARE,2026,596302382.42,0.7814034274010899,0.21859657259891008,465952725.3904234,130349657.02957655,footprint_trend_nowcast,interpolated,2025-2030,GHS-BUILT-V R2023A,ghs_built_v_volume_share,modeled_trend_not_observed;no_dynamic_world_input;forecast_accuracy_unvalidated,2026-08-31,2.6666666666666665,full_footprint_fixed_height
ARG,2020,2382940448.4,0.9568902296783537,0.043109770321646326,2280212432.9793153,102728015.42068492,observed_2.5d,historical_estimated,,GHS-BUILT-V R2023A,ghs_built_v_volume_share,none,2020-12-31,0.0,observed_input_imputation
ARG,2023,2531011731.78,0.9563188465493567,0.043681153450643335,2420454219.93874,110557511.84126072,observed_2.5d,interpolated,2020-2025,GHS-BUILT-V R2023A,ghs_built_v_volume_share,none,2023-12-31,0.0,observed_input_imputation
ARG,2024,2565146369.29,0.9561283855063577,0.04387161449364234,2452609256.656743,112537112.63325718,footprint_trend_nowcast,interpolated,2020-2025,GHS-BUILT-V R2023A,ghs_built_v_volume_share,modeled_trend_not_observed;no_dynamic_world_input;forecast_accuracy_unvalidated,2024-08-31,0.6666666666666666,full_footprint_fixed_height
ARG,2025,2617213435.22,0.9559379244633587,0.04406207553664134,2501893579.141824,115319856.0781762,footprint_trend_nowcast,projected,,GHS-BUILT-V R2023A,ghs_built_v_volume_share,modeled_trend_not_observed;no_dynamic_world_input;forecast_accuracy_unvalidated,2025-08-31,1.6666666666666663,full_footprint_fixed_height
ARG,2026,2670337352.87,0.9558296173932443,0.044170382606755695,2552387530.3046207,117949822.56537908,footprint_trend_nowcast,interpolated,2025-2030,GHS-BUILT-V R2023A,ghs_built_v_volume_share,modeled_trend_not_observed;no_dynamic_world_input;forecast_accuracy_unvalidated,2026-08-31,2.6666666666666665,full_footprint_fixed_height
ARM,2020,142786500.21,0.9460698179908588,0.053930182009141195,135085998.26522642,7700501.944773578,observed_2.5d,historical_estimated,,GHS-BUILT-V R2023A,ghs_built_v_volume_share,none,2020-12-31,0.0,observed_input_imputation
ARM,2023,150315484.74,0.9460326441690495,0.05396735583095048,142203355.48813462,8112129.251865387,observed_2.5d,interpolated,2020-2025,GHS-BUILT-V R2023A,ghs_built_v_volume_share,none,2023-12-31,0.0,observed_input_imputation
ARM,2024,152041785.16,0.946020252895113,0.0539797471048869,143834608.04768765,8207177.112312346,footprint_trend_nowcast,interpolated,2020-2025,GHS-BUILT-V R2023A,ghs_built_v_volume_share,modeled_trend_not_observed;no_dynamic_world_input;forecast_accuracy_unvalidated,2024-08-31,0.6666666666666666,full_footprint_fixed_height
ARM,2025,154668480.07,0.9460078616211767,0.05399213837882333,146317598.09121826,8350881.978781718,footprint_trend_nowcast,projected,,GHS-BUILT-V R2023A,ghs_built_v_volume_share,modeled_trend_not_observed;no_dynamic_world_input;forecast_accuracy_unvalidated,2025-08-31,1.6666666666666663,full_footprint_fixed_height
ARM,2026,157340554.12,0.9459843559125256,0.054015644087474377,148841702.7481281,8498851.37187192,footprint_trend_nowcast,interpolated,2025-2030,GHS-BUILT-V R2023A,ghs_built_v_volume_share,modeled_trend_not_observed;no_dynamic_world_input;forecast_accuracy_unvalidated,2026-08-31,2.6666666666666665,full_footprint_fixed_height
ATG,2020,7437404.66,0.964727526401824,0.03527247359817603,7175069.000491199,262335.65950880136,observed_2.5d,historical_estimated,,GHS-BUILT-V R2023A,ghs_built_v_volume_share,none,2020-12-31,0.0,observed_input_imputation
ATG,2023,7876426.92,0.9649715507435127,0.03502844925648736,7600527.8993103495,275899.020689651,observed_2.5d,interpolated,2020-2025,GHS-BUILT-V R2023A,ghs_built_v_volume_share,none,2023-12-31,0.0,observed_input_imputation
ATG,2024,7977454.26,0.9650528921907422,0.034947107809257805,7698665.305932357,278788.9540676429,footprint_trend_nowcast,interpolated,2020-2025,GHS-BUILT-V R2023A,ghs_built_v_volume_share,modeled_trend_not_observed;no_dynamic_world_input;forecast_accuracy_unvalidated,2024-08-31,0.6666666666666666,full_footprint_fixed_height
ATG,2025,8131430.13,0.9651342336379718,0.03486576636202825,7847921.586898264,283508.543101737,footprint_trend_nowcast,projected,,GHS-BUILT-V R2023A,ghs_built_v_volume_share,modeled_trend_not_observed;no_dynamic_world_input;forecast_accuracy_unvalidated,2025-08-31,1.6666666666666663,full_footprint_fixed_height
ATG,2026,8288377.95,0.96512961436989,0.034870385630110017,7999359.014635399,289018.93536460074,footprint_trend_nowcast,interpolated,2025-2030,GHS-BUILT-V R2023A,ghs_built_v_volume_share,modeled_trend_not_observed;no_dynamic_world_input;forecast_accuracy_unvalidated,2026-08-31,2.6666666666666665,full_footprint_fixed_height
AUS,2020,3011161094.86,0.8839520715369509,0.11604792846304914,2661722087.53297,349439007.32703,observed_2.5d,historical_estimated,,GHS-BUILT-V R2023A,ghs_built_v_volume_share,none,2020-12-31,0.0,observed_input_imputation
AUS,2023,3197269910.45,0.8847004359663416,0.11529956403365843,2828626083.677181,368643826.7728191,observed_2.5d,interpolated,2020-2025,GHS-BUILT-V R2023A,ghs_built_v_volume_share,none,2023-12-31,0.0,observed_input_imputation
AUS,2024,3240165154.52,0.8849498907761385,0.11505010922386152,2867383799.5891237,372781354.93087614,footprint_trend_nowcast,interpolated,2020-2025,GHS-BUILT-V R2023A,ghs_built_v_volume_share,modeled_trend_not_observed;no_dynamic_world_input;forecast_accuracy_unvalidated,2024-08-31,0.6666666666666666,full_footprint_fixed_height
AUS,2025,3305589476.13,0.8851993455859354,0.11480065441406462,2926105641.046031,379483835.08396906,footprint_trend_nowcast,projected,,GHS-BUILT-V R2023A,ghs_built_v_volume_share,modeled_trend_not_observed;no_dynamic_world_input;forecast_accuracy_unvalidated,2025-08-31,1.6666666666666663,full_footprint_fixed_height
AUS,2026,3372334823.57,0.8853241498222847,0.11467585017771527,2985609460.593195,386725362.9768052,footprint_trend_nowcast,interpolated,2025-2030,GHS-BUILT-V R2023A,ghs_built_v_volume_share,modeled_trend_not_observed;no_dynamic_world_input;forecast_accuracy_unvalidated,2026-08-31,2.6666666666666665,full_footprint_fixed_height
AUT,2020,865496536.07,0.7916804933647736,0.20831950663522636,685196724.6814003,180299811.3885998,observed_2.5d,historical_estimated,,GHS-BUILT-V R2023A,ghs_built_v_volume_share,none,2020-12-31,0.0,observed_input_imputation
AUT,2023,904623249.78,0.7919820458027204,0.20801795419727967,716445372.0414697,188177877.7385303,observed_2.5d,interpolated,2020-2025,GHS-BUILT-V R2023A,ghs_built_v_volume_share,none,2023-12-31,0.0,observed_input_imputation
AUT,2024,914774765.95,0.7920825632820359,0.2079174367179641,724577141.4394004,190197624.51059955,footprint_trend_nowcast,interpolated,2020-2025,GHS-BUILT-V R2023A,ghs_built_v_volume_share,modeled_trend_not_observed;no_dynamic_world_input;forecast_accuracy_unvalidated,2024-08-31,0.6666666666666666,full_footprint_fixed_height
AUT,2025,930216036.25,0.7921830807613515,0.20781691923864853,736901405.370138,193314630.879862,footprint_trend_nowcast,projected,,GHS-BUILT-V R2023A,ghs_built_v_volume_share,modeled_trend_not_observed;no_dynamic_world_input;forecast_accuracy_unvalidated,2025-08-31,1.6666666666666663,full_footprint_fixed_height
AUT,2026,945917953.03,0.7923096017884479,0.20769039821155205,749459876.689743,196458076.34025687,footprint_trend_nowcast,interpolated,2025-2030,GHS-BUILT-V R2023A,ghs_built_v_volume_share,modeled_trend_not_observed;no_dynamic_world_input;forecast_accuracy_unvalidated,2026-08-31,2.6666666666666665,full_footprint_fixed_height
AZE,2020,507953272.9,0.9627128965080817,0.03728710349191831,489013166.64431906,18940106.255680922,observed_2.5d,historical_estimated,,GHS-BUILT-V R2023A,ghs_built_v_volume_share,none,2020-12-31,0.0,observed_input_imputation
AZE,2023,545138692.22,0.9623634330835934,0.03763656691640659,524621543.3515396,20517148.86846041,observed_2.5d,interpolated,2020-2025,GHS-BUILT-V R2023A,ghs_built_v_volume_share,none,2023-12-31,0.0,observed_input_imputation
AZE,2024,553765004.6,0.9622469452754306,0.03775305472456936,532858684.07678485,20906320.523215204,footprint_trend_nowcast,interpolated,2020-2025,GHS-BUILT-V R2023A,ghs_built_v_volume_share,modeled_trend_not_observed;no_dynamic_world_input;forecast_accuracy_unvalidated,2024-08-31,0.6666666666666666,full_footprint_fixed_height
AZE,2025,566961090.65,0.9621304574672679,0.03786954253273212,545490533.5132256,21470557.136774365,footprint_trend_nowcast,projected,,GHS-BUILT-V R2023A,ghs_built_v_volume_share,modeled_trend_not_observed;no_dynamic_world_input;forecast_accuracy_unvalidated,2025-08-31,1.6666666666666663,full_footprint_fixed_height
AZE,2026,580471636.24,0.9620482783737508,0.03795172162624911,558441738.2894862,22029897.950513814,footprint_trend_nowcast,interpolated,2025-2030,GHS-BUILT-V R2023A,ghs_built_v_volume_share,modeled_trend_not_observed;no_dynamic_world_input;forecast_accuracy_unvalidated,2026-08-31,2.6666666666666665,full_footprint_fixed_height
BDI,2020,147710691.61,0.9912962709471309,0.008703729052869045,146425057.77201468,1285633.837985337,observed_2.5d,historical_estimated,,GHS-BUILT-V R2023A,ghs_built_v_volume_share,none,2020-12-31,0.0,observed_input_imputation
BDI,2023,163647664.16,0.9919067933949354,0.008093206605064667,162323229.8035169,1324434.3564831163,observed_2.5d,interpolated,2020-2025,GHS-BUILT-V R2023A,ghs_built_v_volume_share,none,2023-12-31,0.0,observed_input_imputation
BDI,2024,167416488.43,0.9921103008775368,0.007889699122463208,166095622.70814797,1320865.721852043,footprint_trend_nowcast,interpolated,2020-2025,GHS-BUILT-V R2023A,ghs_built_v_volume_share,modeled_trend_not_observed;no_dynamic_world_input;forecast_accuracy_unvalidated,2024-08-31,0.6666666666666666,full_footprint_fixed_height
BDI,2025,173233091.06,0.9923138083601383,0.00768619163986175,171901588.32374722,1331502.7362527812,footprint_trend_nowcast,projected,,GHS-BUILT-V R2023A,ghs_built_v_volume_share,modeled_trend_not_observed;no_dynamic_world_input;forecast_accuracy_unvalidated,2025-08-31,1.6666666666666663,full_footprint_fixed_height
BDI,2026,179251781.7,0.9923787406360824,0.007621259363917592,177885657.38021997,1366124.319780037,footprint_trend_nowcast,interpolated,2025-2030,GHS-BUILT-V R2023A,ghs_built_v_volume_share,modeled_trend_not_observed;no_dynamic_world_input;forecast_accuracy_unvalidated,2026-08-31,2.6666666666666665,full_footprint_fixed_height
BEL,2020,1079109698.01,0.7465284407289194,0.2534715592710806,805586080.2308605,273523617.77913964,observed_2.5d,historical_estimated,,GHS-BUILT-V R2023A,ghs_built_v_volume_share,none,2020-12-31,0.0,observed_input_imputation
BEL,2023,1111162585.13,0.7458059246921903,0.2541940753078097,828711639.2862444,282450945.8437557,observed_2.5d,interpolated,2020-2025,GHS-BUILT-V R2023A,ghs_built_v_volume_share,none,2023-12-31,0.0,observed_input_imputation
BEL,2024,1119093500.37,0.7455650860132806,0.25443491398671936,834357041.8602623,284736458.5097376,footprint_trend_nowcast,interpolated,2020-2025,GHS-BUILT-V R2023A,ghs_built_v_volume_share,modeled_trend_not_observed;no_dynamic_world_input;forecast_accuracy_unvalidated,2024-08-31,0.6666666666666666,full_footprint_fixed_height
BEL,2025,1131096137.22,0.745324247334371,0.25467575266562903,843033377.1363109,288062760.0836891,footprint_trend_nowcast,projected,,GHS-BUILT-V R2023A,ghs_built_v_volume_share,modeled_trend_not_observed;no_dynamic_world_input;forecast_accuracy_unvalidated,2025-08-31,1.6666666666666663,full_footprint_fixed_height
BEL,2026,1143227506.21,0.7452783556571956,0.2547216443428044,852022715.9702652,291204790.2397349,footprint_trend_nowcast,interpolated,2025-2030,GHS-BUILT-V R2023A,ghs_built_v_volume_share,modeled_trend_not_observed;no_dynamic_world_input;forecast_accuracy_unvalidated,2026-08-31,2.6666666666666665,full_footprint_fixed_height
BEN,2020,302038367.25,0.9899629138405143,0.010037086159485745,299006782.1344414,3031585.1155586476,observed_2.5d,historical_estimated,,GHS-BUILT-V R2023A,ghs_built_v_volume_share,none,2020-12-31,0.0,observed_input_imputation
BEN,2023,329684296.35,0.9899274159574799,0.010072584042520108,326363523.56751555,3320772.7824844806,observed_2.5d,interpolated,2020-2025,GHS-BUILT-V R2023A,ghs_built_v_volume_share,none,2023-12-31,0.0,observed_input_imputation
BEN,2024,336163640.51,0.9899155833298018,0.010084416670198229,332773626.28972644,3390014.2202735688,footprint_trend_nowcast,interpolated,2020-2025,GHS-BUILT-V R2023A,ghs_built_v_volume_share,modeled_trend_not_observed;no_dynamic_world_input;forecast_accuracy_unvalidated,2024-08-31,0.6666666666666666,full_footprint_fixed_height
BEN,2025,346122198.87,0.9899037507021237,0.01009624929787635,342627662.86267936,3494536.007320656,footprint_trend_nowcast,projected,,GHS-BUILT-V R2023A,ghs_built_v_volume_share,modeled_trend_not_observed;no_dynamic_world_input;forecast_accuracy_unvalidated,2025-08-31,1.6666666666666663,full_footprint_fixed_height
BEN,2026,356375770.94,0.9898803131501532,0.010119686849846788,352769359.7372145,3606411.2027855287,footprint_trend_nowcast,interpolated,2025-2030,GHS-BUILT-V R2023A,ghs_built_v_volume_share,modeled_trend_not_observed;no_dynamic_world_input;forecast_accuracy_unvalidated,2026-08-31,2.6666666666666665,full_footprint_fixed_height
BFA,2020,359180891.35,0.9931445026090707,0.006855497390929296,356718527.68647844,2462363.663521584,observed_2.5d,historical_estimated,,GHS-BUILT-V R2023A,ghs_built_v_volume_share,none,2020-12-31,0.0,observed_input_imputation
BFA,2023,404459464.1,0.993328877971083,0.006671122028916953,401761265.6592386,2698198.440761456,observed_2.5d,interpolated,2020-2025,GHS-BUILT-V R2023A,ghs_built_v_volume_share,none,2023-12-31,0.0,observed_input_imputation
BFA,2024,415272502.52,0.9933903364250872,0.006609663574912839,412527690.98643064,2744811.533569344,footprint_trend_nowcast,interpolated,2020-2025,GHS-BUILT-V R2023A,ghs_built_v_volume_share,modeled_trend_not_observed;no_dynamic_world_input;forecast_accuracy_unvalidated,2024-08-31,0.6666666666666666,full_footprint_fixed_height
BFA,2025,432036495.34,0.9934517948790913,0.0065482051209087245,429207431.74879515,2829063.5912048463,footprint_trend_nowcast,projected,,GHS-BUILT-V R2023A,ghs_built_v_volume_share,modeled_trend_not_observed;no_dynamic_world_input;forecast_accuracy_unvalidated,2025-08-31,1.6666666666666663,full_footprint_fixed_height
BFA,2026,449477228.01,0.9934639219665946,0.006536078033405407,446539409.77348787,2937818.2365121143,footprint_trend_nowcast,interpolated,2025-2030,GHS-BUILT-V R2023A,ghs_built_v_volume_share,modeled_trend_not_observed;no_dynamic_world_input;forecast_accuracy_unvalidated,2026-08-31,2.6666666666666665,full_footprint_fixed_height
BGD,2020,2430930564.55,0.97457984970745,0.025420150292549997,2369135944.248386,61794620.30161442,observed_2.5d,historical_estimated,,GHS-BUILT-V R2023A,ghs_built_v_volume_share,none,2020-12-31,0.0,observed_input_imputation
BGD,2023,2618059042.17,0.9751614169519417,0.02483858304805832,2553030165.226341,65028876.94365957,observed_2.5d,interpolated,2020-2025,GHS-BUILT-V R2023A,ghs_built_v_volume_share,none,2023-12-31,0.0,observed_input_imputation
BGD,2024,2661561596.22,0.9753552727001056,0.024644727299894423,2595968136.4892864,65593459.730713606,footprint_trend_nowcast,interpolated,2020-2025,GHS-BUILT-V R2023A,ghs_built_v_volume_share,modeled_trend_not_observed;no_dynamic_world_input;forecast_accuracy_unvalidated,2024-08-31,0.6666666666666666,full_footprint_fixed_height
BGD,2025,2728174522.67,0.9755491284482695,0.024450871551730532,2661468277.8454924,66706244.82450793,footprint_trend_nowcast,projected,,GHS-BUILT-V R2023A,ghs_built_v_volume_share,modeled_trend_not_observed;no_dynamic_world_input;forecast_accuracy_unvalidated,2025-08-31,1.6666666666666663,full_footprint_fixed_height
BGD,2026,2796454621.5,0.9755804987069834,0.02441950129301664,2728166594.2544184,68288027.2455816,footprint_trend_nowcast,interpolated,2025-2030,GHS-BUILT-V R2023A,ghs_built_v_volume_share,modeled_trend_not_observed;no_dynamic_world_input;forecast_accuracy_unvalidated,2026-08-31,2.6666666666666665,full_footprint_fixed_height
BGR,2020,543020803.57,0.8247751473733212,0.17522485262667872,447870063.29122615,95150740.27877392,observed_2.5d,historical_estimated,,GHS-BUILT-V R2023A,ghs_built_v_volume_share,none,2020-12-31,0.0,observed_input_imputation
BGR,2023,566462792.97,0.824935735186349,0.17506426481365106,467295400.57441956,99167392.39558049,observed_2.5d,interpolated,2020-2025,GHS-BUILT-V R2023A,ghs_built_v_volume_share,none,2023-12-31,0.0,observed_input_imputation
BGR,2024,571808044.19,0.8249892644573582,0.17501073554264182,471735497.7871087,100072546.40289135,footprint_trend_nowcast,interpolated,2020-2025,GHS-BUILT-V R2023A,ghs_built_v_volume_share,modeled_trend_not_observed;no_dynamic_world_input;forecast_accuracy_unvalidated,2024-08-31,0.6666666666666666,full_footprint_fixed_height
BGR,2025,579920642.36,0.8250427937283674,0.1749572062716326,478459346.9134438,101461295.44655621,footprint_trend_nowcast,projected,,GHS-BUILT-V R2023A,ghs_built_v_volume_share,modeled_trend_not_observed;no_dynamic_world_input;forecast_accuracy_unvalidated,2025-08-31,1.6666666666666663,full_footprint_fixed_height
BGR,2026,588148339.03,0.8250071319430863,0.17499286805691378,485226574.3402302,102921764.68976977,footprint_trend_nowcast,interpolated,2025-2030,GHS-BUILT-V R2023A,ghs_built_v_volume_share,modeled_trend_not_observed;no_dynamic_world_input;forecast_accuracy_unvalidated,2026-08-31,2.6666666666666665,full_footprint_fixed_height
BHR,2020,63702858.11,0.9118319065819988,0.08816809341800129,58086298.56516384,5616559.544836161,observed_2.5d,historical_estimated,,GHS-BUILT-V R2023A,ghs_built_v_volume_share,none,2020-12-31,0.0,observed_input_imputation
BHR,2023,70285026.86,0.9113295720831004,0.08867042791689962,64052823.45217302,6232203.407826983,observed_2.5d,interpolated,2020-2025,GHS-BUILT-V R2023A,ghs_built_v_volume_share,none,2023-12-31,0.0,observed_input_imputation
BHR,2024,71514204.32,0.9111621272501343,0.08883787274986572,65161034.53681194,6353169.783188057,footprint_trend_nowcast,interpolated,2020-2025,GHS-BUILT-V R2023A,ghs_built_v_volume_share,modeled_trend_not_observed;no_dynamic_world_input;forecast_accuracy_unvalidated,2024-08-31,0.6666666666666666,full_footprint_fixed_height
BHR,2025,73398393.55,0.9109946824171682,0.08900531758283184,66865546.22201257,6532847.327987426,footprint_trend_nowcast,projected,,GHS-BUILT-V R2023A,ghs_built_v_volume_share,modeled_trend_not_observed;no_dynamic_world_input;forecast_accuracy_unvalidated,2025-08-31,1.6666666666666663,full_footprint_fixed_height
BHR,2026,75332225.63,0.910815989880996,0.089184010119004,68613795.65712698,6718429.972873012,footprint_trend_nowcast,interpolated,2025-2030,GHS-BUILT-V R2023A,ghs_built_v_volume_share,modeled_trend_not_observed;no_dynamic_world_input;forecast_accuracy_unvalidated,2026-08-31,2.6666666666666665,full_footprint_fixed_height
BHS,2020,29184660.45,0.9027519654878869,0.09724803451211304,26346509.5833341,2838150.8666659007,observed_2.5d,historical_estimated,,GHS-BUILT-V R2023A,ghs_built_v_volume_share,none,2020-12-31,0.0,observed_input_imputation
BHS,2023,30646062.76,0.902479956155269,0.09752004384473097,27657457.375976425,2988605.384023577,observed_2.5d,interpolated,2020-2025,GHS-BUILT-V R2023A,ghs_built_v_volume_share,none,2023-12-31,0.0,observed_input_imputation
BHS,2024,30980630.46,0.9023892863777297,0.09761071362227026,27956589.012331557,3024041.447668443,footprint_trend_nowcast,interpolated,2020-2025,GHS-BUILT-V R2023A,ghs_built_v_volume_share,modeled_trend_not_observed;no_dynamic_world_input;forecast_accuracy_unvalidated,2024-08-31,0.6666666666666666,full_footprint_fixed_height
BHS,2025,31489342.94,0.9022986166001904,0.09770138339980958,28412790.572410975,3076552.367589027,footprint_trend_nowcast,projected,,GHS-BUILT-V R2023A,ghs_built_v_volume_share,modeled_trend_not_observed;no_dynamic_world_input;forecast_accuracy_unvalidated,2025-08-31,1.6666666666666663,full_footprint_fixed_height
BHS,2026,32006408.66,0.9020621986966757,0.0979378013033243,28871771.36822392,3134637.2917760783,footprint_trend_nowcast,interpolated,2025-2030,GHS-BUILT-V R2023A,ghs_built_v_volume_share,modeled_trend_not_observed;no_dynamic_world_input;forecast_accuracy_unvalidated,2026-08-31,2.6666666666666665,full_footprint_fixed_height
BIH,2020,247114206.72,0.8978379426700052,0.10216205732999487,221868510.96601516,25245695.753984842,observed_2.5d,historical_estimated,,GHS-BUILT-V R2023A,ghs_built_v_volume_share,none,2020-12-31,0.0,observed_input_imputation
BIH,2023,260873881.34,0.8974679156829664,0.1025320843170337,234125938.5423353,26747942.797664724,observed_2.5d,interpolated,2020-2025,GHS-BUILT-V R2023A,ghs_built_v_volume_share,none,2023-12-31,0.0,observed_input_imputation
BIH,2024,264034167.08,0.8973445733539533,0.10265542664604665,236929627.00926906,27104540.07073097,footprint_trend_nowcast,interpolated,2020-2025,GHS-BUILT-V R2023A,ghs_built_v_volume_share,modeled_trend_not_observed;no_dynamic_world_input;forecast_accuracy_unvalidated,2024-08-31,0.6666666666666666,full_footprint_fixed_height
BIH,2025,268846523.7,0.8972212310249404,0.1027787689750596,241214808.95088983,27631714.749110185,footprint_trend_nowcast,projected,,GHS-BUILT-V R2023A,ghs_built_v_volume_share,modeled_trend_not_observed;no_dynamic_world_input;forecast_accuracy_unvalidated,2025-08-31,1.6666666666666663,full_footprint_fixed_height
BIH,2026,273746591.6,0.897065660273392,0.10293433972660804,245568666.9412446,28177924.65875543,footprint_trend_nowcast,interpolated,2025-2030,GHS-BUILT-V R2023A,ghs_built_v_volume_share,modeled_trend_not_observed;no_dynamic_world_input;forecast_accuracy_unvalidated,2026-08-31,2.6666666666666665,full_footprint_fixed_height
BLR,2020,672205246.44,0.8135697702644219,0.18643022973557813,546885867.9167299,125319378.52327013,observed_2.5d,historical_estimated,,GHS-BUILT-V R2023A,ghs_built_v_volume_share,none,2020-12-31,0.0,observed_input_imputation
BLR,2023,691145993.09,0.8131734763538102,0.1868265236461898,562021589.8690019,129124403.22099821,observed_2.5d,interpolated,2020-2025,GHS-BUILT-V R2023A,ghs_built_v_volume_share,none,2023-12-31,0.0,observed_input_imputation
BLR,2024,695425732.36,0.8130413783836062,0.18695862161639368,565409896.0014032,130015836.3585967,footprint_trend_nowcast,interpolated,2020-2025,GHS-BUILT-V R2023A,ghs_built_v_volume_share,modeled_trend_not_observed;no_dynamic_world_input;forecast_accuracy_unvalidated,2024-08-31,0.6666666666666666,full_footprint_fixed_height
BLR,2025,701895082.17,0.8129092804134024,0.18709071958659756,570577026.1725206,131318055.99747932,footprint_trend_nowcast,projected,,GHS-BUILT-V R2023A,ghs_built_v_volume_share,modeled_trend_not_observed;no_dynamic_world_input;forecast_accuracy_unvalidated,2025-08-31,1.6666666666666663,full_footprint_fixed_height
BLR,2026,708424614.53,0.8127974455555985,0.18720255444440145,575805717.0586935,132618897.47130643,footprint_trend_nowcast,interpolated,2025-2030,GHS-BUILT-V R2023A,ghs_built_v_volume_share,modeled_trend_not_observed;no_dynamic_world_input;forecast_accuracy_unvalidated,2026-08-31,2.6666666666666665,full_footprint_fixed_height
BLZ,2020,21867714.34,0.9504331114700331,0.04956688852996699,20783799.780904062,1083914.5590959406,observed_2.5d,historical_estimated,,GHS-BUILT-V R2023A,ghs_built_v_volume_share,none,2020-12-31,0.0,observed_input_imputation
BLZ,2023,23377063.81,0.9505791129743312,0.049420887025668846,22221748.580454137,1155315.2295458617,observed_2.5d,interpolated,2020-2025,GHS-BUILT-V R2023A,ghs_built_v_volume_share,none,2023-12-31,0.0,observed_input_imputation
BLZ,2024,23726376.75,0.9506277801424305,0.04937221985756946,22554952.860675476,1171423.8893245244,footprint_trend_nowcast,interpolated,2020-2025,GHS-BUILT-V R2023A,ghs_built_v_volume_share,modeled_trend_not_observed;no_dynamic_world_input;forecast_accuracy_unvalidated,2024-08-31,0.6666666666666666,full_footprint_fixed_height
BLZ,2025,24260157.3,0.9506764473105299,0.04932355268947008,23063560.15315862,1196597.1468413821,footprint_trend_nowcast,projected,,GHS-BUILT-V R2023A,ghs_built_v_volume_share,modeled_trend_not_observed;no_dynamic_world_input;forecast_accuracy_unvalidated,2025-08-31,1.6666666666666663,full_footprint_fixed_height
BLZ,2026,24805946.49,0.9504948243924236,0.049505175607576384,23577923.752900407,1228022.737099593,footprint_trend_nowcast,interpolated,2025-2030,GHS-BUILT-V R2023A,ghs_built_v_volume_share,modeled_trend_not_observed;no_dynamic_world_input;forecast_accuracy_unvalidated,2026-08-31,2.6666666666666665,full_footprint_fixed_height
BOL,2020,496419008.94,0.9587722606039677,0.04122773939603236,475952775.40818506,20466233.531814978,observed_2.5d,historical_estimated,,GHS-BUILT-V R2023A,ghs_built_v_volume_share,none,2020-12-31,0.0,observed_input_imputation
BOL,2023,536161611.56,0.9586379650528256,0.04136203494717434,513984876.2453219,22176735.314678032,observed_2.5d,interpolated,2020-2025,GHS-BUILT-V R2023A,ghs_built_v_volume_share,none,2023-12-31,0.0,observed_input_imputation
BOL,2024,545416725.91,0.9585931998691116,0.04140680013088833,522832764.5522011,22583961.35779887,footprint_trend_nowcast,interpolated,2020-2025,GHS-BUILT-V R2023A,ghs_built_v_volume_share,modeled_trend_not_observed;no_dynamic_world_input;forecast_accuracy_unvalidated,2024-08-31,0.6666666666666666,full_footprint_fixed_height
BOL,2025,559599807.26,0.9585484346853976,0.04145156531460232,536403519.2993232,23196287.96067676,footprint_trend_nowcast,projected,,GHS-BUILT-V R2023A,ghs_built_v_volume_share,modeled_trend_not_observed;no_dynamic_world_input;forecast_accuracy_unvalidated,2025-08-31,1.6666666666666663,full_footprint_fixed_height
BOL,2026,574151707.13,0.9584708788596848,0.04152912114031511,550307691.3316795,23844015.79832049,footprint_trend_nowcast,interpolated,2025-2030,GHS-BUILT-V R2023A,ghs_built_v_volume_share,modeled_trend_not_observed;no_dynamic_world_input;forecast_accuracy_unvalidated,2026-08-31,2.6666666666666665,full_footprint_fixed_height
BRA,2020,12112839681.86,0.9561114940942358,0.04388850590576425,11581225245.947113,531614435.91288817,observed_2.5d,historical_estimated,,GHS-BUILT-V R2023A,ghs_built_v_volume_share,none,2020-12-31,0.0,observed_input_imputation
BRA,2023,12899655171.43,0.9555476042608511,0.044452395739148956,12326234594.851034,573420576.5789658,observed_2.5d,interpolated,2020-2025,GHS-BUILT-V R2023A,ghs_built_v_volume_share,none,2023-12-31,0.0,observed_input_imputation
BRA,2024,13081330195.39,0.9553596409830561,0.04464035901694386,12497374919.048601,583955276.341398,footprint_trend_nowcast,interpolated,2020-2025,GHS-BUILT-V R2023A,ghs_built_v_volume_share,modeled_trend_not_observed;no_dynamic_world_input;forecast_accuracy_unvalidated,2024-08-31,0.6666666666666666,full_footprint_fixed_height
BRA,2025,13358651457.63,0.9551716777052612,0.044828322294738765,12759805524.66428,598845932.9657193,footprint_trend_nowcast,projected,,GHS-BUILT-V R2023A,ghs_built_v_volume_share,modeled_trend_not_observed;no_dynamic_world_input;forecast_accuracy_unvalidated,2025-08-31,1.6666666666666663,full_footprint_fixed_height
BRA,2026,13641851868.34,0.9550503081463647,0.04494969185363529,13028654830.545177,613197037.7948219,footprint_trend_nowcast,interpolated,2025-2030,GHS-BUILT-V R2023A,ghs_built_v_volume_share,modeled_trend_not_observed;no_dynamic_world_input;forecast_accuracy_unvalidated,2026-08-31,2.6666666666666665,full_footprint_fixed_height
BRB,2020,23684585.84,0.9433345931372901,0.05666540686270989,22342489.14700162,1342096.6929983776,observed_2.5d,historical_estimated,,GHS-BUILT-V R2023A,ghs_built_v_volume_share,none,2020-12-31,0.0,observed_input_imputation
BRB,2023,24526039.72,0.9438915497920153,0.05610845020798469,23149921.641571324,1376118.0784286747,observed_2.5d,interpolated,2020-2025,GHS-BUILT-V R2023A,ghs_built_v_volume_share,none,2023-12-31,0.0,observed_input_imputation
BRB,2024,24717052.44,0.944077202010257,0.05592279798974296,23334805.709496,1382246.7305040034,footprint_trend_nowcast,interpolated,2020-2025,GHS-BUILT-V R2023A,ghs_built_v_volume_share,modeled_trend_not_observed;no_dynamic_world_input;forecast_accuracy_unvalidated,2024-08-31,0.6666666666666666,full_footprint_fixed_height
BRB,2025,25006364.45,0.9442628542284988,0.055737145771501226,23612581.069435064,1393783.380564936,footprint_trend_nowcast,projected,,GHS-BUILT-V R2023A,ghs_built_v_volume_share,modeled_trend_not_observed;no_dynamic_world_input;forecast_accuracy_unvalidated,2025-08-31,1.6666666666666663,full_footprint_fixed_height
BRB,2026,25299062.84,0.9442992401248599,0.05570075987514013,23889885.815683078,1409177.0243169207,footprint_trend_nowcast,interpolated,2025-2030,GHS-BUILT-V R2023A,ghs_built_v_volume_share,modeled_trend_not_observed;no_dynamic_world_input;forecast_accuracy_unvalidated,2026-08-31,2.6666666666666665,full_footprint_fixed_height
BRN,2020,37849769.86,0.8834453883352461,0.11655461166475387,33438204.632367395,4411565.2276326055,observed_2.5d,historical_estimated,,GHS-BUILT-V R2023A,ghs_built_v_volume_share,none,2020-12-31,0.0,observed_input_imputation
BRN,2023,39594012.79,0.8845773899590706,0.1154226100409293,35023968.49178426,4570044.298215737,observed_2.5d,interpolated,2020-2025,GHS-BUILT-V R2023A,ghs_built_v_volume_share,none,2023-12-31,0.0,observed_input_imputation
BRN,2024,39992410.39,0.8849547238336789,0.11504527616632111,35391472.4921256,4600937.8978744,footprint_trend_nowcast,interpolated,2020-2025,GHS-BUILT-V R2023A,ghs_built_v_volume_share,modeled_trend_not_observed;no_dynamic_world_input;forecast_accuracy_unvalidated,2024-08-31,0.6666666666666666,full_footprint_fixed_height
BRN,2025,40597535.69,0.885332057708287,0.11466794229171293,35942299.81031332,4655235.879686676,footprint_trend_nowcast,projected,,GHS-BUILT-V R2023A,ghs_built_v_volume_share,modeled_trend_not_observed;no_dynamic_world_input;forecast_accuracy_unvalidated,2025-08-31,1.6666666666666663,full_footprint_fixed_height
BRN,2026,41211817.15,0.885357547008518,0.11464245299148194,36487193.33968757,4724623.810312424,footprint_trend_nowcast,interpolated,2025-2030,GHS-BUILT-V R2023A,ghs_built_v_volume_share,modeled_trend_not_observed;no_dynamic_world_input;forecast_accuracy_unvalidated,2026-08-31,2.6666666666666665,full_footprint_fixed_height
BTN,2020,27177544.51,0.9670832423576962,0.032916757642303826,26282947.864051405,894596.6459485949,observed_2.5d,historical_estimated,,GHS-BUILT-V R2023A,ghs_built_v_volume_share,none,2020-12-31,0.0,observed_input_imputation
BTN,2023,31057262.36,0.9677882677413608,0.03221173225863921,30056854.14017337,1000408.2198266332,observed_2.5d,interpolated,2020-2025,GHS-BUILT-V R2023A,ghs_built_v_volume_share,none,2023-12-31,0.0,observed_input_imputation
BTN,2024,31992015.78,0.9680232762025823,0.031976723797417665,30969015.927680314,1022999.8523196875,footprint_trend_nowcast,interpolated,2020-2025,GHS-BUILT-V R2023A,ghs_built_v_volume_share,modeled_trend_not_observed;no_dynamic_world_input;forecast_accuracy_unvalidated,2024-08-31,0.6666666666666666,full_footprint_fixed_height
BTN,2025,33447160.72,0.9682582846638039,0.03174171533619612,32385490.46562176,1061670.2543782406,footprint_trend_nowcast,projected,,GHS-BUILT-V R2023A,ghs_built_v_volume_share,modeled_trend_not_observed;no_dynamic_world_input;forecast_accuracy_unvalidated,2025-08-31,1.6666666666666663,full_footprint_fixed_height
BTN,2026,34968492.38,0.9684603431715116,0.031539656828488354,33865598.130525194,1102894.24947481,footprint_trend_nowcast,interpolated,2025-2030,GHS-BUILT-V R2023A,ghs_built_v_volume_share,modeled_trend_not_observed;no_dynamic_world_input;forecast_accuracy_unvalidated,2026-08-31,2.6666666666666665,full_footprint_fixed_height
BWA,2020,118564613.02,0.9797937230078795,0.02020627699212055,116168863.60785429,2395749.4121457026,observed_2.5d,historical_estimated,,GHS-BUILT-V R2023A,ghs_built_v_volume_share,none,2020-12-31,0.0,observed_input_imputation
BWA,2023,131491809.12,0.9797412365913535,0.020258763408646553,128827947.66886301,2663861.4511369932,observed_2.5d,interpolated,2020-2025,GHS-BUILT-V R2023A,ghs_built_v_volume_share,none,2023-12-31,0.0,observed_input_imputation
BWA,2024,134550764.61,0.9797237411191781,0.02027625888082189,131822578.47415513,2728186.135844888,footprint_trend_nowcast,interpolated,2020-2025,GHS-BUILT-V R2023A,ghs_built_v_volume_share,modeled_trend_not_observed;no_dynamic_world_input;forecast_accuracy_unvalidated,2024-08-31,0.6666666666666666,full_footprint_fixed_height
BWA,2025,139273142.27,0.9797062456470028,0.020293754352997222,136446767.3328026,2826374.937197414,footprint_trend_nowcast,projected,,GHS-BUILT-V R2023A,ghs_built_v_volume_share,modeled_trend_not_observed;no_dynamic_world_input;forecast_accuracy_unvalidated,2025-08-31,1.6666666666666663,full_footprint_fixed_height
BWA,2026,144161262.95,0.9797005799400577,0.020299420059942366,141234872.91700613,2926390.032993856,footprint_trend_nowcast,interpolated,2025-2030,GHS-BUILT-V R2023A,ghs_built_v_volume_share,modeled_trend_not_observed;no_dynamic_world_input;forecast_accuracy_unvalidated,2026-08-31,2.6666666666666665,full_footprint_fixed_height
CAF,2020,66989106.04,0.9972141991746925,0.0027858008253076,66802487.73310715,186618.30689285035,observed_2.5d,historical_estimated,,GHS-BUILT-V R2023A,ghs_built_v_volume_share,none,2020-12-31,0.0,observed_input_imputation
CAF,2023,72080997.57,0.9972223587405646,0.002777641259435318,71880782.4171283,200215.15287168886,observed_2.5d,interpolated,2020-2025,GHS-BUILT-V R2023A,ghs_built_v_volume_share,none,2023-12-31,0.0,observed_input_imputation
CAF,2024,73264087.59,0.9972250785958554,0.0027749214041445573,73060785.50519139,203302.08480861265,footprint_trend_nowcast,interpolated,2020-2025,GHS-BUILT-V R2023A,ghs_built_v_volume_share,modeled_trend_not_observed;no_dynamic_world_input;forecast_accuracy_unvalidated,2024-08-31,0.6666666666666666,full_footprint_fixed_height
CAF,2025,75075231.63,0.9972277984511462,0.0027722015488537964,74867107.95659475,208123.67340524352,footprint_trend_nowcast,projected,,GHS-BUILT-V R2023A,ghs_built_v_volume_share,modeled_trend_not_observed;no_dynamic_world_input;forecast_accuracy_unvalidated,2025-08-31,1.6666666666666663,full_footprint_fixed_height
CAF,2026,76931148.53,0.9972375491083197,0.0027624508916802015,76718630.01014532,212518.51985468052,footprint_trend_nowcast,interpolated,2025-2030,GHS-BUILT-V R2023A,ghs_built_v_volume_share,modeled_trend_not_observed;no_dynamic_world_input;forecast_accuracy_unvalidated,2026-08-31,2.6666666666666665,full_footprint_fixed_height
CAN,2020,2941628265.26,0.7770337087141127,0.22296629128588727,2285744320.61324,655883944.6467605,observed_2.5d,historical_estimated,,GHS-BUILT-V R2023A,ghs_built_v_volume_share,none,2020-12-31,0.0,observed_input_imputation
CAN,2023,3124236708.89,0.776488067358259,0.22351193264174096,2425932524.0557237,698304184.8342761,observed_2.5d,interpolated,2020-2025,GHS-BUILT-V R2023A,ghs_built_v_volume_share,none,2023-12-31,0.0,observed_input_imputation
CAN,2024,3166331683.85,0.7763061869063078,0.2236938130936922,2458042875.9702225,708288807.8797777,footprint_trend_nowcast,interpolated,2020-2025,GHS-BUILT-V R2023A,ghs_built_v_volume_share,modeled_trend_not_observed;no_dynamic_world_input;forecast_accuracy_unvalidated,2024-08-31,0.6666666666666666,full_footprint_fixed_height
CAN,2025,3230539982.29,0.7761243064543566,0.22387569354564343,2507300603.2278957,723239379.0621043,footprint_trend_nowcast,projected,,GHS-BUILT-V R2023A,ghs_built_v_volume_share,modeled_trend_not_observed;no_dynamic_world_input;forecast_accuracy_unvalidated,2025-08-31,1.6666666666666663,full_footprint_fixed_height
CAN,2026,3296050325.49,0.7760014674708979,0.2239985325291021,2557739889.4381704,738310436.0518292,footprint_trend_nowcast,interpolated,2025-2030,GHS-BUILT-V R2023A,ghs_built_v_volume_share,modeled_trend_not_observed;no_dynamic_world_input;forecast_accuracy_unvalidated,2026-08-31,2.6666666666666665,full_footprint_fixed_height
CHE,2020,554094959.29,0.7983156162033836,0.20168438379661632,442342658.86078507,111752300.42921485,observed_2.5d,historical_estimated,,GHS-BUILT-V R2023A,ghs_built_v_volume_share,none,2020-12-31,0.0,observed_input_imputation
CHE,2023,571802111.84,0.7988927727557321,0.20110722724426788,456808574.59544086,114993537.24455917,observed_2.5d,interpolated,2020-2025,GHS-BUILT-V R2023A,ghs_built_v_volume_share,none,2023-12-31,0.0,observed_input_imputation
CHE,2024,576396449.09,0.7990851582731816,0.2009148417268184,460589847.7491825,115806601.3408175,footprint_trend_nowcast,interpolated,2020-2025,GHS-BUILT-V R2023A,ghs_built_v_volume_share,modeled_trend_not_observed;no_dynamic_world_input;forecast_accuracy_unvalidated,2024-08-31,0.6666666666666666,full_footprint_fixed_height
CHE,2025,583357262.72,0.7992775437906311,0.2007224562093689,466264360.0992675,117092902.62073252,footprint_trend_nowcast,projected,,GHS-BUILT-V R2023A,ghs_built_v_volume_share,modeled_trend_not_observed;no_dynamic_world_input;forecast_accuracy_unvalidated,2025-08-31,1.6666666666666663,full_footprint_fixed_height
CHE,2026,590402138.15,0.7994182313348162,0.20058176866518385,471978233.05616677,118423905.09383321,footprint_trend_nowcast,interpolated,2025-2030,GHS-BUILT-V R2023A,ghs_built_v_volume_share,modeled_trend_not_observed;no_dynamic_world_input;forecast_accuracy_unvalidated,2026-08-31,2.6666666666666665,full_footprint_fixed_height
CHL,2020,986436316.07,0.9174072755255464,0.08259272447445369,904963853.2052355,81472462.86476463,observed_2.5d,historical_estimated,,GHS-BUILT-V R2023A,ghs_built_v_volume_share,none,2020-12-31,0.0,observed_input_imputation
CHL,2023,1072527701.08,0.9161095264309349,0.08389047356906508,982552844.3204582,89974856.75954187,observed_2.5d,interpolated,2020-2025,GHS-BUILT-V R2023A,ghs_built_v_volume_share,none,2023-12-31,0.0,observed_input_imputation
CHL,2024,1092657257.29,0.9156769433993978,0.0843230566006022,1000521057.5384765,92136199.75152344,footprint_trend_nowcast,interpolated,2020-2025,GHS-BUILT-V R2023A,ghs_built_v_volume_share,modeled_trend_not_observed;no_dynamic_world_input;forecast_accuracy_unvalidated,2024-08-31,0.6666666666666666,full_footprint_fixed_height
CHL,2025,1123562173.88,0.9152443603678606,0.08475563963213933,1028333943.1663237,95228230.71367636,footprint_trend_nowcast,projected,,GHS-BUILT-V R2023A,ghs_built_v_volume_share,modeled_trend_not_observed;no_dynamic_world_input;forecast_accuracy_unvalidated,2025-08-31,1.6666666666666663,full_footprint_fixed_height
CHL,2026,1155341210.76,0.9149850179332467,0.08501498206675326,1057119898.4462576,98221312.3137424,footprint_trend_nowcast,interpolated,2025-2030,GHS-BUILT-V R2023A,ghs_built_v_volume_share,modeled_trend_not_observed;no_dynamic_world_input;forecast_accuracy_unvalidated,2026-08-31,2.6666666666666665,full_footprint_fixed_height
CHN,2020,86144650012.35,0.9045111765095004,0.09548882349049953,77918798732.66986,8225851279.680148,observed_2.5d,historical_estimated,,GHS-BUILT-V R2023A,ghs_built_v_volume_share,none,2020-12-31,0.0,observed_input_imputation
CHN,2023,97062140040.85,0.9012391577997971,0.09876084220020286,87476201344.66162,9585938696.18838,observed_2.5d,interpolated,2020-2025,GHS-BUILT-V R2023A,ghs_built_v_volume_share,none,2023-12-31,0.0,observed_input_imputation
CHN,2024,99108305409.37,0.9001484848965626,0.0998515151034373,89212190954.9102,9896114454.459785,footprint_trend_nowcast,interpolated,2020-2025,GHS-BUILT-V R2023A,ghs_built_v_volume_share,modeled_trend_not_observed;no_dynamic_world_input;forecast_accuracy_unvalidated,2024-08-31,0.6666666666666666,full_footprint_fixed_height
CHN,2025,102258715343.58,0.8990578119933282,0.10094218800667175,91936496874.04762,10322218469.532381,footprint_trend_nowcast,projected,,GHS-BUILT-V R2023A,ghs_built_v_volume_share,modeled_trend_not_observed;no_dynamic_world_input;forecast_accuracy_unvalidated,2025-08-31,1.6666666666666663,full_footprint_fixed_height
CHN,2026,105509269082.2,0.8983548671400545,0.10164513285994546,94784765408.38405,10724503673.815954,footprint_trend_nowcast,interpolated,2025-2030,GHS-BUILT-V R2023A,ghs_built_v_volume_share,modeled_trend_not_observed;no_dynamic_world_input;forecast_accuracy_unvalidated,2026-08-31,2.6666666666666665,full_footprint_fixed_height
CIV,2020,602828854.82,0.9793430479096469,0.02065695209035312,590376248.0473008,12452606.772699177,observed_2.5d,historical_estimated,,GHS-BUILT-V R2023A,ghs_built_v_volume_share,none,2020-12-31,0.0,observed_input_imputation
CIV,2023,672252471.54,0.9796741434334344,0.020325856566565614,658588364.2269588,13664107.313041272,observed_2.5d,interpolated,2020-2025,GHS-BUILT-V R2023A,ghs_built_v_volume_share,none,2023-12-31,0.0,observed_input_imputation
CIV,2024,688734830.59,0.9797845086080302,0.020215491391969778,674811717.5508581,13923113.039141908,footprint_trend_nowcast,interpolated,2020-2025,GHS-BUILT-V R2023A,ghs_built_v_volume_share,modeled_trend_not_observed;no_dynamic_world_input;forecast_accuracy_unvalidated,2024-08-31,0.6666666666666666,full_footprint_fixed_height
CIV,2025,714219174.06,0.9798948737826261,0.020105126217373943,699859707.418655,14359466.641344868,footprint_trend_nowcast,projected,,GHS-BUILT-V R2023A,ghs_built_v_volume_share,modeled_trend_not_observed;no_dynamic_world_input;forecast_accuracy_unvalidated,2025-08-31,1.6666666666666663,full_footprint_fixed_height
CIV,2026,740646480.96,0.979967950952216,0.020032049047783978,725809814.3263407,14836666.633659324,footprint_trend_nowcast,interpolated,2025-2030,GHS-BUILT-V R2023A,ghs_built_v_volume_share,modeled_trend_not_observed;no_dynamic_world_input;forecast_accuracy_unvalidated,2026-08-31,2.6666666666666665,full_footprint_fixed_height
CMR,2020,577057207.81,0.978749850681842,0.021250149318158044,564794655.9789181,12262551.831081856,observed_2.5d,historical_estimated,,GHS-BUILT-V R2023A,ghs_built_v_volume_share,none,2020-12-31,0.0,observed_input_imputation
CMR,2023,620718462.75,0.9791332991716979,0.020866700828302158,607766116.2891922,12952346.460807867,observed_2.5d,interpolated,2020-2025,GHS-BUILT-V R2023A,ghs_built_v_volume_share,none,2023-12-31,0.0,observed_input_imputation
CMR,2024,630861070.37,0.9792611153349832,0.020738884665016864,617777715.3919475,13083354.978052517,footprint_trend_nowcast,interpolated,2020-2025,GHS-BUILT-V R2023A,ghs_built_v_volume_share,modeled_trend_not_observed;no_dynamic_world_input;forecast_accuracy_unvalidated,2024-08-31,0.6666666666666666,full_footprint_fixed_height
CMR,2025,646386572.59,0.9793889314982684,0.02061106850173157,633063854.663748,13322717.926251976,footprint_trend_nowcast,projected,,GHS-BUILT-V R2023A,ghs_built_v_volume_share,modeled_trend_not_observed;no_dynamic_world_input;forecast_accuracy_unvalidated,2025-08-31,1.6666666666666663,full_footprint_fixed_height
CMR,2026,662294157.68,0.9794336774795921,0.020566322520407913,648673202.4297712,13620955.250228772,footprint_trend_nowcast,interpolated,2025-2030,GHS-BUILT-V R2023A,ghs_built_v_volume_share,modeled_trend_not_observed;no_dynamic_world_input;forecast_accuracy_unvalidated,2026-08-31,2.6666666666666665,full_footprint_fixed_height
COD,2020,941825698.84,0.9926264851005903,0.0073735148994097735,934881133.0169563,6944565.823043763,observed_2.5d,historical_estimated,,GHS-BUILT-V R2023A,ghs_built_v_volume_share,none,2020-12-31,0.0,observed_input_imputation
COD,2023,968518804.86,0.9925982116803275,0.007401788319672573,961350033.6828041,7168771.177195989,observed_2.5d,interpolated,2020-2025,GHS-BUILT-V R2023A,ghs_built_v_volume_share,none,2023-12-31,0.0,observed_input_imputation
COD,2024,974552599.65,0.9925887872069065,0.007411212793093506,967329982.9559313,7222616.694068613,footprint_trend_nowcast,interpolated,2020-2025,GHS-BUILT-V R2023A,ghs_built_v_volume_share,modeled_trend_not_observed;no_dynamic_world_input;forecast_accuracy_unvalidated,2024-08-31,0.6666666666666666,full_footprint_fixed_height
COD,2025,983673846.32,0.9925793627334856,0.00742063726651444,976374359.5179023,7299486.80209779,footprint_trend_nowcast,projected,,GHS-BUILT-V R2023A,ghs_built_v_volume_share,modeled_trend_not_observed;no_dynamic_world_input;forecast_accuracy_unvalidated,2025-08-31,1.6666666666666663,full_footprint_fixed_height
COD,2026,992880462.56,0.9925719877620227,0.007428012237977289,985505334.3332558,7375128.226744232,footprint_trend_nowcast,interpolated,2025-2030,GHS-BUILT-V R2023A,ghs_built_v_volume_share,modeled_trend_not_observed;no_dynamic_world_input;forecast_accuracy_unvalidated,2026-08-31,2.6666666666666665,full_footprint_fixed_height
COG,2020,110620071.65,0.9861082016603867,0.013891798339613244,109083359.92232463,1536711.727675368,observed_2.5d,historical_estimated,,GHS-BUILT-V R2023A,ghs_built_v_volume_share,none,2020-12-31,0.0,observed_input_imputation
COG,2023,115333636.53,0.9858641633549174,0.01413583664508257,113703299.08432859,1630337.4456714077,observed_2.5d,interpolated,2020-2025,GHS-BUILT-V R2023A,ghs_built_v_volume_share,none,2023-12-31,0.0,observed_input_imputation
COG,2024,116408075.15,0.9857828172530944,0.014217182746905678,114753080.27237692,1654994.8776230796,footprint_trend_nowcast,interpolated,2020-2025,GHS-BUILT-V R2023A,ghs_built_v_volume_share,modeled_trend_not_observed;no_dynamic_world_input;forecast_accuracy_unvalidated,2024-08-31,0.6666666666666666,full_footprint_fixed_height
COG,2025,118038529.78,0.9857014711512713,0.014298528848728786,116350752.45667915,1687777.323320862,footprint_trend_nowcast,projected,,GHS-BUILT-V R2023A,ghs_built_v_volume_share,modeled_trend_not_observed;no_dynamic_world_input;forecast_accuracy_unvalidated,2025-08-31,1.6666666666666663,full_footprint_fixed_height
COG,2026,119691821.15,0.9856700170118423,0.014329982988157715,117976639.3890989,1715181.7609011158,footprint_trend_nowcast,interpolated,2025-2030,GHS-BUILT-V R2023A,ghs_built_v_volume_share,modeled_trend_not_observed;no_dynamic_world_input;forecast_accuracy_unvalidated,2026-08-31,2.6666666666666665,full_footprint_fixed_height
COL,2020,1505534156.31,0.9340659500647867,0.06593404993521337,1406268192.0686872,99265964.24131288,observed_2.5d,historical_estimated,,GHS-BUILT-V R2023A,ghs_built_v_volume_share,none,2020-12-31,0.0,observed_input_imputation
COL,2023,1635486731.72,0.9332622683299219,0.06673773167007814,1526338057.0684977,109148674.65150243,observed_2.5d,interpolated,2020-2025,GHS-BUILT-V R2023A,ghs_built_v_volume_share,none,2023-12-31,0.0,observed_input_imputation
COL,2024,1665855545.87,0.9329943744183004,0.06700562558169973,1554233852.8902369,111621692.97976322,footprint_trend_nowcast,interpolated,2020-2025,GHS-BUILT-V R2023A,ghs_built_v_volume_share,modeled_trend_not_observed;no_dynamic_world_input;forecast_accuracy_unvalidated,2024-08-31,0.6666666666666666,full_footprint_fixed_height
COL,2025,1712469360.19,0.9327264805066787,0.06727351949332132,1597265519.3055427,115203840.88445745,footprint_trend_nowcast,projected,,GHS-BUILT-V R2023A,ghs_built_v_volume_share,modeled_trend_not_observed;no_dynamic_world_input;forecast_accuracy_unvalidated,2025-08-31,1.6666666666666663,full_footprint_fixed_height
COL,2026,1760387517.9,0.9325951819078225,0.06740481809217755,1641728917.4842107,118658600.41578946,footprint_trend_nowcast,interpolated,2025-2030,GHS-BUILT-V R2023A,ghs_built_v_volume_share,modeled_trend_not_observed;no_dynamic_world_input;forecast_accuracy_unvalidated,2026-08-31,2.6666666666666665,full_footprint_fixed_height
COM,2020,18035090.41,0.9887197568975551,0.011280243102444949,17831650.205800626,203440.20419937355,observed_2.5d,historical_estimated,,GHS-BUILT-V R2023A,ghs_built_v_volume_share,none,2020-12-31,0.0,observed_input_imputation
COM,2023,19443892.35,0.9887214124569885,0.011278587543011464,19224592.707953636,219299.64204636592,observed_2.5d,interpolated,2020-2025,GHS-BUILT-V R2023A,ghs_built_v_volume_share,none,2023-12-31,0.0,observed_input_imputation
COM,2024,19771611.63,0.988721964310133,0.01127803568986697,19548626.68839067,222984.94160932885,footprint_trend_nowcast,interpolated,2020-2025,GHS-BUILT-V R2023A,ghs_built_v_volume_share,modeled_trend_not_observed;no_dynamic_world_input;forecast_accuracy_unvalidated,2024-08-31,0.6666666666666666,full_footprint_fixed_height
COM,2025,20273576.3,0.9887225161632776,0.011277483836722474,20044941.37096419,228634.92903580982,footprint_trend_nowcast,projected,,GHS-BUILT-V R2023A,ghs_built_v_volume_share,modeled_trend_not_observed;no_dynamic_world_input;forecast_accuracy_unvalidated,2025-08-31,1.6666666666666663,full_footprint_fixed_height
COM,2026,20788284.92,0.9887311598910521,0.011268840108947943,20554025.061097268,234259.85890273371,footprint_trend_nowcast,interpolated,2025-2030,GHS-BUILT-V R2023A,ghs_built_v_volume_share,modeled_trend_not_observed;no_dynamic_world_input;forecast_accuracy_unvalidated,2026-08-31,2.6666666666666665,full_footprint_fixed_height
CPV,2020,21833832.64,0.9692124779508574,0.030787522049142556,21161623.03617871,672209.6038212884,observed_2.5d,historical_estimated,,GHS-BUILT-V R2023A,ghs_built_v_volume_share,none,2020-12-31,0.0,observed_input_imputation
CPV,2023,22570911.01,0.9694679117054049,0.030532088294595014,21881773.962153234,689137.0478467668,observed_2.5d,interpolated,2020-2025,GHS-BUILT-V R2023A,ghs_built_v_volume_share,none,2023-12-31,0.0,observed_input_imputation
CPV,2024,22814851.29,0.9695530562902541,0.030446943709745832,22120208.797027145,694642.4929728521,footprint_trend_nowcast,interpolated,2020-2025,GHS-BUILT-V R2023A,ghs_built_v_volume_share,modeled_trend_not_observed;no_dynamic_world_input;forecast_accuracy_unvalidated,2024-08-31,0.6666666666666666,full_footprint_fixed_height
CPV,2025,23185713.93,0.9696382008751033,0.03036179912489665,22481753.94109002,703959.9889099781,footprint_trend_nowcast,projected,,GHS-BUILT-V R2023A,ghs_built_v_volume_share,modeled_trend_not_observed;no_dynamic_world_input;forecast_accuracy_unvalidated,2025-08-31,1.6666666666666663,full_footprint_fixed_height
CPV,2026,23562605.06,0.9697049857059231,0.03029501429407684,22848775.60290161,713829.4570983873,footprint_trend_nowcast,interpolated,2025-2030,GHS-BUILT-V R2023A,ghs_built_v_volume_share,modeled_trend_not_observed;no_dynamic_world_input;forecast_accuracy_unvalidated,2026-08-31,2.6666666666666665,full_footprint_fixed_height
CRI,2020,284786315.39,0.9382244339287955,0.06177556607120448,267193479.54745016,17592835.84254982,observed_2.5d,historical_estimated,,GHS-BUILT-V R2023A,ghs_built_v_volume_share,none,2020-12-31,0.0,observed_input_imputation
CRI,2023,300356181.17,0.939208686238503,0.06079131376149702,282097134.3202895,18259046.849710513,observed_2.5d,interpolated,2020-2025,GHS-BUILT-V R2023A,ghs_built_v_volume_share,none,2023-12-31,0.0,observed_input_imputation
CRI,2024,303930151.56,0.9395367703417388,0.060463229658261196,285553553.0061576,18376598.553842414,footprint_trend_nowcast,interpolated,2020-2025,GHS-BUILT-V R2023A,ghs_built_v_volume_share,modeled_trend_not_observed;no_dynamic_world_input;forecast_accuracy_unvalidated,2024-08-31,0.6666666666666666,full_footprint_fixed_height
CRI,2025,309371003.29,0.9398648544449746,0.060135145555025374,290766932.9766516,18604070.313348386,footprint_trend_nowcast,projected,,GHS-BUILT-V R2023A,ghs_built_v_volume_share,modeled_trend_not_observed;no_dynamic_world_input;forecast_accuracy_unvalidated,2025-08-31,1.6666666666666663,full_footprint_fixed_height
CRI,2026,314909255.25,0.9398592799642722,0.06014072003572774,295970385.8933502,18938869.356649775,footprint_trend_nowcast,interpolated,2025-2030,GHS-BUILT-V R2023A,ghs_built_v_volume_share,modeled_trend_not_observed;no_dynamic_world_input;forecast_accuracy_unvalidated,2026-08-31,2.6666666666666665,full_footprint_fixed_height
CUB,2020,360088927.42,0.8667924486549491,0.1332075513450509,312122363.13191605,47966564.28808396,observed_2.5d,historical_estimated,,GHS-BUILT-V R2023A,ghs_built_v_volume_share,none,2020-12-31,0.0,observed_input_imputation
CUB,2023,368259242.91,0.867092377609072,0.13290762239092802,319314782.5113487,48944460.39865132,observed_2.5d,interpolated,2020-2025,GHS-BUILT-V R2023A,ghs_built_v_volume_share,none,2023-12-31,0.0,observed_input_imputation
CUB,2024,370099897.31,0.8671923539271129,0.13280764607288706,320947801.13644165,49152096.173558325,footprint_trend_nowcast,interpolated,2020-2025,GHS-BUILT-V R2023A,ghs_built_v_volume_share,modeled_trend_not_observed;no_dynamic_world_input;forecast_accuracy_unvalidated,2024-08-31,0.6666666666666666,full_footprint_fixed_height
CUB,2025,372878143.38,0.8672923302451538,0.1327076697548461,323394353.8695268,49483789.51047319,footprint_trend_nowcast,projected,,GHS-BUILT-V R2023A,ghs_built_v_volume_share,modeled_trend_not_observed;no_dynamic_world_input;forecast_accuracy_unvalidated,2025-08-31,1.6666666666666663,full_footprint_fixed_height
CUB,2026,375677245.05,0.8673302746583986,0.13266972534160137,325836248.13212705,49840996.91787297,footprint_trend_nowcast,interpolated,2025-2030,GHS-BUILT-V R2023A,ghs_built_v_volume_share,modeled_trend_not_observed;no_dynamic_world_input;forecast_accuracy_unvalidated,2026-08-31,2.6666666666666665,full_footprint_fixed_height
CYP,2020,124124771.75,0.8848658453032551,0.11513415469674489,109833771.07763734,14291000.67236265,observed_2.5d,historical_estimated,,GHS-BUILT-V R2023A,ghs_built_v_volume_share,none,2020-12-31,0.0,observed_input_imputation
CYP,2023,131183683.78,0.8836418876096533,0.1163581123903467,115919397.95894706,15264285.82105294,observed_2.5d,interpolated,2020-2025,GHS-BUILT-V R2023A,ghs_built_v_volume_share,none,2023-12-31,0.0,observed_input_imputation
CYP,2024,132806062.91,0.8832339017117861,0.11676609828821398,117298817.1149802,15507245.795019789,footprint_trend_nowcast,interpolated,2020-2025,GHS-BUILT-V R2023A,ghs_built_v_volume_share,modeled_trend_not_observed;no_dynamic_world_input;forecast_accuracy_unvalidated,2024-08-31,0.6666666666666666,full_footprint_fixed_height
CYP,2025,135277329.66,0.8828259158139188,0.11717408418608125,119426332.4459509,15850997.214049105,footprint_trend_nowcast,projected,,GHS-BUILT-V R2023A,ghs_built_v_volume_share,modeled_trend_not_observed;no_dynamic_world_input;forecast_accuracy_unvalidated,2025-08-31,1.6666666666666663,full_footprint_fixed_height
CYP,2026,137794581.96,0.8825368297371657,0.1174631702628343,121608793.51793645,16185788.442063557,footprint_trend_nowcast,interpolated,2025-2030,GHS-BUILT-V R2023A,ghs_built_v_volume_share,modeled_trend_not_observed;no_dynamic_world_input;forecast_accuracy_unvalidated,2026-08-31,2.6666666666666665,full_footprint_fixed_height
CZE,2020,853858176.05,0.7194524847014654,0.2805475152985346,614310386.3418337,239547789.7081662,observed_2.5d,historical_estimated,,GHS-BUILT-V R2023A,ghs_built_v_volume_share,none,2020-12-31,0.0,observed_input_imputation
CZE,2023,914447201.07,0.7202764697243431,0.27972353027565694,658654801.7360061,255792399.3339939,observed_2.5d,interpolated,2020-2025,GHS-BUILT-V R2023A,ghs_built_v_volume_share,none,2023-12-31,0.0,observed_input_imputation
CZE,2024,927635762.33,0.7205511313986357,0.27944886860136436,668408998.0727174,259226764.25728264,footprint_trend_nowcast,interpolated,2020-2025,GHS-BUILT-V R2023A,ghs_built_v_volume_share,modeled_trend_not_observed;no_dynamic_world_input;forecast_accuracy_unvalidated,2024-08-31,0.6666666666666666,full_footprint_fixed_height
CZE,2025,947776106.08,0.7208257930729283,0.2791742069270718,683181463.3206878,264594642.75931227,footprint_trend_nowcast,projected,,GHS-BUILT-V R2023A,ghs_built_v_volume_share,modeled_trend_not_observed;no_dynamic_world_input;forecast_accuracy_unvalidated,2025-08-31,1.6666666666666663,full_footprint_fixed_height
CZE,2026,968353726.46,0.7210494508430433,0.2789505491569568,698230922.6857976,270122803.7742025,footprint_trend_nowcast,interpolated,2025-2030,GHS-BUILT-V R2023A,ghs_built_v_volume_share,modeled_trend_not_observed;no_dynamic_world_input;forecast_accuracy_unvalidated,2026-08-31,2.6666666666666665,full_footprint_fixed_height
DEU,2020,6611215465.22,0.7546996786247719,0.24530032137522806,4989482186.920656,1621733278.299344,observed_2.5d,historical_estimated,,GHS-BUILT-V R2023A,ghs_built_v_volume_share,none,2020-12-31,0.0,observed_input_imputation
DEU,2023,6915458352.86,0.7546517817046584,0.24534821829534156,5218762967.290161,1696695385.5698383,observed_2.5d,interpolated,2020-2025,GHS-BUILT-V R2023A,ghs_built_v_volume_share,none,2023-12-31,0.0,observed_input_imputation
DEU,2024,6984098550.46,0.7546358160646206,0.2453641839353794,5270450909.102116,1713647641.3578842,footprint_trend_nowcast,interpolated,2020-2025,GHS-BUILT-V R2023A,ghs_built_v_volume_share,modeled_trend_not_observed;no_dynamic_world_input;forecast_accuracy_unvalidated,2024-08-31,0.6666666666666666,full_footprint_fixed_height
DEU,2025,7088338388.18,0.7546198504245828,0.24538014957541723,5349000854.24722,1739337533.9327803,footprint_trend_nowcast,projected,,GHS-BUILT-V R2023A,ghs_built_v_volume_share,modeled_trend_not_observed;no_dynamic_world_input;forecast_accuracy_unvalidated,2025-08-31,1.6666666666666663,full_footprint_fixed_height
DEU,2026,7194134037.81,0.7546830869601001,0.2453169130398999,5429291283.659181,1764842754.1508198,footprint_trend_nowcast,interpolated,2025-2030,GHS-BUILT-V R2023A,ghs_built_v_volume_share,modeled_trend_not_observed;no_dynamic_world_input;forecast_accuracy_unvalidated,2026-08-31,2.6666666666666665,full_footprint_fixed_height
DJI,2020,12588327.63,0.9286180993518962,0.07138190064810383,11689748.87778956,898578.7522104405,observed_2.5d,historical_estimated,,GHS-BUILT-V R2023A,ghs_built_v_volume_share,none,2020-12-31,0.0,observed_input_imputation
DJI,2023,13545048.59,0.9275463697868889,0.0724536302131112,12563660.648241518,981387.9417584833,observed_2.5d,interpolated,2020-2025,GHS-BUILT-V R2023A,ghs_built_v_volume_share,none,2023-12-31,0.0,observed_input_imputation
DJI,2024,13779447.64,0.927189126598553,0.07281087340144698,12776154.022342093,1003293.6176579074,footprint_trend_nowcast,interpolated,2020-2025,GHS-BUILT-V R2023A,ghs_built_v_volume_share,modeled_trend_not_observed;no_dynamic_world_input;forecast_accuracy_unvalidated,2024-08-31,0.6666666666666666,full_footprint_fixed_height
DJI,2025,14138673.68,0.9268318834102173,0.07316811658978277,13104173.555756867,1034500.124243133,footprint_trend_nowcast,projected,,GHS-BUILT-V R2023A,ghs_built_v_volume_share,modeled_trend_not_observed;no_dynamic_world_input;forecast_accuracy_unvalidated,2025-08-31,1.6666666666666663,full_footprint_fixed_height
DJI,2026,14507264.64,0.9266631972602455,0.07333680273975454,13443348.234802905,1063916.4051970963,footprint_trend_nowcast,interpolated,2025-2030,GHS-BUILT-V R2023A,ghs_built_v_volume_share,modeled_trend_not_observed;no_dynamic_world_input;forecast_accuracy_unvalidated,2026-08-31,2.6666666666666665,full_footprint_fixed_height
DMA,2020,3947192.69,0.9605820902355723,0.0394179097644277,3791602.6047227713,155590.08527722865,observed_2.5d,historical_estimated,,GHS-BUILT-V R2023A,ghs_built_v_volume_share,none,2020-12-31,0.0,observed_input_imputation
DMA,2023,4055064.14,0.9606549253767427,0.03934507462325735,3895517.338809605,159546.80119039488,observed_2.5d,interpolated,2020-2025,GHS-BUILT-V R2023A,ghs_built_v_volume_share,none,2023-12-31,0.0,observed_input_imputation
DMA,2024,4079433.11,0.9606792037571328,0.03932079624286723,3919026.5518952836,160406.55810471618,footprint_trend_nowcast,interpolated,2020-2025,GHS-BUILT-V R2023A,ghs_built_v_volume_share,modeled_trend_not_observed;no_dynamic_world_input;forecast_accuracy_unvalidated,2024-08-31,0.6666666666666666,full_footprint_fixed_height
DMA,2025,4116261.44,0.9607034821375229,0.039296517862477114,3954506.6987964143,161754.74120358576,footprint_trend_nowcast,projected,,GHS-BUILT-V R2023A,ghs_built_v_volume_share,modeled_trend_not_observed;no_dynamic_world_input;forecast_accuracy_unvalidated,2025-08-31,1.6666666666666663,full_footprint_fixed_height
DMA,2026,4153422.24,0.9609492596809633,0.03905074031903665,3991228.0266704485,162194.21332955154,footprint_trend_nowcast,interpolated,2025-2030,GHS-BUILT-V R2023A,ghs_built_v_volume_share,modeled_trend_not_observed;no_dynamic_world_input;forecast_accuracy_unvalidated,2026-08-31,2.6666666666666665,full_footprint_fixed_height
DNK,2020,665059716.89,0.7553720809648432,0.24462791903515677,502367542.3130888,162692174.5769112,observed_2.5d,historical_estimated,,GHS-BUILT-V R2023A,ghs_built_v_volume_share,none,2020-12-31,0.0,observed_input_imputation
DNK,2023,701820477.16,0.7553601306170649,0.2446398693829351,530127207.2973084,171693269.86269158,observed_2.5d,interpolated,2020-2025,GHS-BUILT-V R2023A,ghs_built_v_volume_share,none,2023-12-31,0.0,observed_input_imputation
DNK,2024,709037259.0,0.7553561471678054,0.24464385283219456,535575652.1566614,173461606.8433386,footprint_trend_nowcast,interpolated,2020-2025,GHS-BUILT-V R2023A,ghs_built_v_volume_share,modeled_trend_not_observed;no_dynamic_world_input;forecast_accuracy_unvalidated,2024-08-31,0.6666666666666666,full_footprint_fixed_height
DNK,2025,720001813.25,0.755352163718546,0.244647836281454,543854927.5196639,176146885.730336,footprint_trend_nowcast,projected,,GHS-BUILT-V R2023A,ghs_built_v_volume_share,modeled_trend_not_observed;no_dynamic_world_input;forecast_accuracy_unvalidated,2025-08-31,1.6666666666666663,full_footprint_fixed_height
DNK,2026,731135923.4,0.755456318807261,0.24454368119273892,552341253.2395116,178794670.16048837,footprint_trend_nowcast,interpolated,2025-2030,GHS-BUILT-V R2023A,ghs_built_v_volume_share,modeled_trend_not_observed;no_dynamic_world_input;forecast_accuracy_unvalidated,2026-08-31,2.6666666666666665,full_footprint_fixed_height
DOM,2020,336248050.89,0.9696078743074067,0.03039212569259327,326028757.8634616,10219293.026538378,observed_2.5d,historical_estimated,,GHS-BUILT-V R2023A,ghs_built_v_volume_share,none,2020-12-31,0.0,observed_input_imputation
DOM,2023,367109326.4,0.9696783691990191,0.03032163080098093,355977972.94130236,11131353.4586976,observed_2.5d,interpolated,2020-2025,GHS-BUILT-V R2023A,ghs_built_v_volume_share,none,2023-12-31,0.0,observed_input_imputation
DOM,2024,374343248.74,0.9697018674962231,0.030298132503776814,363001347.3877812,11341901.352218803,footprint_trend_nowcast,interpolated,2020-2025,GHS-BUILT-V R2023A,ghs_built_v_volume_share,modeled_trend_not_observed;no_dynamic_world_input;forecast_accuracy_unvalidated,2024-08-31,0.6666666666666666,full_footprint_fixed_height
DOM,2025,385462279.93,0.9697253657934273,0.0302746342065727,373792550.4046877,11669729.52531228,footprint_trend_nowcast,projected,,GHS-BUILT-V R2023A,ghs_built_v_volume_share,modeled_trend_not_observed;no_dynamic_world_input;forecast_accuracy_unvalidated,2025-08-31,1.6666666666666663,full_footprint_fixed_height
DOM,2026,396911577.13,0.96971005408567,0.030289945914329985,384889146.9259609,12022430.204039114,footprint_trend_nowcast,interpolated,2025-2030,GHS-BUILT-V R2023A,ghs_built_v_volume_share,modeled_trend_not_observed;no_dynamic_world_input;forecast_accuracy_unvalidated,2026-08-31,2.6666666666666665,full_footprint_fixed_height
DZA,2020,1607752786.88,0.9483510093781742,0.05164899062182579,1524713978.2682207,83038808.6117794,observed_2.5d,historical_estimated,,GHS-BUILT-V R2023A,ghs_built_v_volume_share,none,2020-12-31,0.0,observed_input_imputation
DZA,2023,1686067766.67,0.9478814371569769,0.05211856284302302,1598192337.8152142,87875428.85478587,observed_2.5d,interpolated,2020-2025,GHS-BUILT-V R2023A,ghs_built_v_volume_share,none,2023-12-31,0.0,observed_input_imputation
DZA,2024,1703549116.27,0.9477249130832446,0.05227508691675543,1614495938.150024,89053178.11997615,footprint_trend_nowcast,interpolated,2020-2025,GHS-BUILT-V R2023A,ghs_built_v_volume_share,modeled_trend_not_observed;no_dynamic_world_input;forecast_accuracy_unvalidated,2024-08-31,0.6666666666666666,full_footprint_fixed_height
DZA,2025,1730111568.46,0.9475683890095121,0.052431610990487834,1639399031.7323625,90712536.72763748,footprint_trend_nowcast,projected,,GHS-BUILT-V R2023A,ghs_built_v_volume_share,modeled_trend_not_observed;no_dynamic_world_input;forecast_accuracy_unvalidated,2025-08-31,1.6666666666666663,full_footprint_fixed_height
DZA,2026,1757088193.54,0.94745647230039,0.052543527699609925,1664764581.3720732,92323612.16792655,footprint_trend_nowcast,interpolated,2025-2030,GHS-BUILT-V R2023A,ghs_built_v_volume_share,modeled_trend_not_observed;no_dynamic_world_input;forecast_accuracy_unvalidated,2026-08-31,2.6666666666666665,full_footprint_fixed_height
ECU,2020,734538215.05,0.9417310153107328,0.058268984689267216,691737419.0435698,42800796.00643012,observed_2.5d,historical_estimated,,GHS-BUILT-V R2023A,ghs_built_v_volume_share,none,2020-12-31,0.0,observed_input_imputation
ECU,2023,806345279.37,0.9412795569132093,0.058720443086790676,758996327.2844516,47348952.085548416,observed_2.5d,interpolated,2020-2025,GHS-BUILT-V R2023A,ghs_built_v_volume_share,none,2023-12-31,0.0,observed_input_imputation
ECU,2024,823232535.47,0.9411290707807015,0.05887092921929849,774768071.143322,48464464.32667801,footprint_trend_nowcast,interpolated,2020-2025,GHS-BUILT-V R2023A,ghs_built_v_volume_share,modeled_trend_not_observed;no_dynamic_world_input;forecast_accuracy_unvalidated,2024-08-31,0.6666666666666666,full_footprint_fixed_height
ECU,2025,849228857.84,0.9409785846481937,0.059021415351806314,799106168.6926854,50122689.14731472,footprint_trend_nowcast,projected,,GHS-BUILT-V R2023A,ghs_built_v_volume_share,modeled_trend_not_observed;no_dynamic_world_input;forecast_accuracy_unvalidated,2025-08-31,1.6666666666666663,full_footprint_fixed_height
ECU,2026,876046101.08,0.9408935519640266,0.05910644803597351,824266127.7293979,51779973.35060222,footprint_trend_nowcast,interpolated,2025-2030,GHS-BUILT-V R2023A,ghs_built_v_volume_share,modeled_trend_not_observed;no_dynamic_world_input;forecast_accuracy_unvalidated,2026-08-31,2.6666666666666665,full_footprint_fixed_height
EGY,2020,2954306535.6,0.9629116804297739,0.03708831957022604,2844736270.6992598,109570264.90074018,observed_2.5d,historical_estimated,,GHS-BUILT-V R2023A,ghs_built_v_volume_share,none,2020-12-31,0.0,observed_input_imputation
EGY,2023,3102447182.97,0.9625049863877877,0.03749501361221231,2986120883.61337,116326299.35662988,observed_2.5d,interpolated,2020-2025,GHS-BUILT-V R2023A,ghs_built_v_volume_share,none,2023-12-31,0.0,observed_input_imputation
EGY,2024,3136154007.84,0.9623694217071256,0.037630578292874396,3018138718.9094653,118015288.93053494,footprint_trend_nowcast,interpolated,2020-2025,GHS-BUILT-V R2023A,ghs_built_v_volume_share,modeled_trend_not_observed;no_dynamic_world_input;forecast_accuracy_unvalidated,2024-08-31,0.6666666666666666,full_footprint_fixed_height
EGY,2025,3187402132.3,0.9622338570264635,0.03776614297353648,3067026247.657403,120375884.64259686,footprint_trend_nowcast,projected,,GHS-BUILT-V R2023A,ghs_built_v_volume_share,modeled_trend_not_observed;no_dynamic_world_input;forecast_accuracy_unvalidated,2025-08-31,1.6666666666666663,full_footprint_fixed_height
EGY,2026,3239487706.14,0.9621731897969976,0.037826810203002326,3116948219.5248823,122539486.61511715,footprint_trend_nowcast,interpolated,2025-2030,GHS-BUILT-V R2023A,ghs_built_v_volume_share,modeled_trend_not_observed;no_dynamic_world_input;forecast_accuracy_unvalidated,2026-08-31,2.6666666666666665,full_footprint_fixed_height
ERI,2020,45298098.33,0.9880576037451733,0.01194239625482672,44757130.49015303,540967.8398469645,observed_2.5d,historical_estimated,,GHS-BUILT-V R2023A,ghs_built_v_volume_share,none,2020-12-31,0.0,observed_input_imputation
ERI,2023,46539774.76,0.9883333634197233,0.011666636580276673,45996812.121347144,542962.638652853,observed_2.5d,interpolated,2020-2025,GHS-BUILT-V R2023A,ghs_built_v_volume_share,none,2023-12-31,0.0,observed_input_imputation
ERI,2024,46820292.56,0.98842528331124,0.01157471668875999,46278360.938333146,541931.6216668573,footprint_trend_nowcast,interpolated,2020-2025,GHS-BUILT-V R2023A,ghs_built_v_volume_share,modeled_trend_not_observed;no_dynamic_world_input;forecast_accuracy_unvalidated,2024-08-31,0.6666666666666666,full_footprint_fixed_height
ERI,2025,47244242.72,0.9885172032027567,0.011482796797243308,46701746.681006595,542496.0389934015,footprint_trend_nowcast,projected,,GHS-BUILT-V R2023A,ghs_built_v_volume_share,modeled_trend_not_observed;no_dynamic_world_input;forecast_accuracy_unvalidated,2025-08-31,1.6666666666666663,full_footprint_fixed_height
ERI,2026,47672031.68,0.988556541852905,0.01144345814709499,47126498.78068293,545532.8993170665,footprint_trend_nowcast,interpolated,2025-2030,GHS-BUILT-V R2023A,ghs_built_v_volume_share,modeled_trend_not_observed;no_dynamic_world_input;forecast_accuracy_unvalidated,2026-08-31,2.6666666666666665,full_footprint_fixed_height
ESH,2020,16735213.63,0.9482458790715499,0.05175412092845015,15869097.360029534,866116.2699704673,observed_2.5d,historical_estimated,,GHS-BUILT-V R2023A,ghs_built_v_volume_share,none,2020-12-31,0.0,observed_input_imputation
ESH,2023,20135268.73,0.9471760358804738,0.05282396411952619,19071644.017069463,1063624.7129305378,observed_2.5d,interpolated,2020-2025,GHS-BUILT-V R2023A,ghs_built_v_volume_share,none,2023-12-31,0.0,observed_input_imputation
ESH,2024,21120325.04,0.9468194214834486,0.05318057851655154,19997133.93591519,1123191.1040848095,footprint_trend_nowcast,interpolated,2020-2025,GHS-BUILT-V R2023A,ghs_built_v_volume_share,modeled_trend_not_observed;no_dynamic_world_input;forecast_accuracy_unvalidated,2024-08-31,0.6666666666666666,full_footprint_fixed_height
ESH,2025,22688999.66,0.9464628070864232,0.053537192913576885,21474294.3081865,1214705.3518135003,footprint_trend_nowcast,projected,,GHS-BUILT-V R2023A,ghs_built_v_volume_share,modeled_trend_not_observed;no_dynamic_world_input;forecast_accuracy_unvalidated,2025-08-31,1.6666666666666663,full_footprint_fixed_height
ESH,2026,24374184.81,0.9464168931036911,0.05358310689630885,23068140.25981538,1306044.5501846173,footprint_trend_nowcast,interpolated,2025-2030,GHS-BUILT-V R2023A,ghs_built_v_volume_share,modeled_trend_not_observed;no_dynamic_world_input;forecast_accuracy_unvalidated,2026-08-31,2.6666666666666665,full_footprint_fixed_height
ESP,2020,3693503432.03,0.7163651064444436,0.28363489355555643,2645896979.239089,1047606452.7909114,observed_2.5d,historical_estimated,,GHS-BUILT-V R2023A,ghs_built_v_volume_share,none,2020-12-31,0.0,observed_input_imputation
ESP,2023,3791405522.54,0.7162983719995742,0.2837016280004257,2715777603.385597,1075627919.1544027,observed_2.5d,interpolated,2020-2025,GHS-BUILT-V R2023A,ghs_built_v_volume_share,none,2023-12-31,0.0,observed_input_imputation
ESP,2024,3825732127.06,0.7162761271846179,0.28372387281538214,2740280591.6163073,1085451535.443693,footprint_trend_nowcast,interpolated,2020-2025,GHS-BUILT-V R2023A,ghs_built_v_volume_share,modeled_trend_not_observed;no_dynamic_world_input;forecast_accuracy_unvalidated,2024-08-31,0.6666666666666666,full_footprint_fixed_height
ESP,2025,3877805635.92,0.7162538823696614,0.2837461176303386,2777493341.802654,1100312294.1173463,footprint_trend_nowcast,projected,,GHS-BUILT-V R2023A,ghs_built_v_volume_share,modeled_trend_not_observed;no_dynamic_world_input;forecast_accuracy_unvalidated,2025-08-31,1.6666666666666663,full_footprint_fixed_height
ESP,2026,3930587937.3,0.7162915873030885,0.2837084126969115,2815447072.6429896,1115140864.6570106,footprint_trend_nowcast,interpolated,2025-2030,GHS-BUILT-V R2023A,ghs_built_v_volume_share,modeled_trend_not_observed;no_dynamic_world_input;forecast_accuracy_unvalidated,2026-08-31,2.6666666666666665,full_footprint_fixed_height
EST,2020,113094705.37,0.7462009840890267,0.25379901591097337,84391380.44235253,28703324.927647475,observed_2.5d,historical_estimated,,GHS-BUILT-V R2023A,ghs_built_v_volume_share,none,2020-12-31,0.0,observed_input_imputation
EST,2023,118906361.09,0.7460567515016349,0.25394324849836514,88710893.4876858,30195467.602314208,observed_2.5d,interpolated,2020-2025,GHS-BUILT-V R2023A,ghs_built_v_volume_share,none,2023-12-31,0.0,observed_input_imputation
EST,2024,120011578.77,0.7460086739725043,0.25399132602749575,89529678.73955444,30481900.030445557,footprint_trend_nowcast,interpolated,2020-2025,GHS-BUILT-V R2023A,ghs_built_v_volume_share,modeled_trend_not_observed;no_dynamic_world_input;forecast_accuracy_unvalidated,2024-08-31,0.6666666666666666,full_footprint_fixed_height
EST,2025,121688696.66,0.7459605964433736,0.25403940355662635,90774972.74091037,30913723.91908963,footprint_trend_nowcast,projected,,GHS-BUILT-V R2023A,ghs_built_v_volume_share,modeled_trend_not_observed;no_dynamic_world_input;forecast_accuracy_unvalidated,2025-08-31,1.6666666666666663,full_footprint_fixed_height
EST,2026,123389251.67,0.7459841564650903,0.25401584353490975,92046426.82390368,31342824.846096322,footprint_trend_nowcast,interpolated,2025-2030,GHS-BUILT-V R2023A,ghs_built_v_volume_share,modeled_trend_not_observed;no_dynamic_world_input;forecast_accuracy_unvalidated,2026-08-31,2.6666666666666665,full_footprint_fixed_height
ETH,2020,1660821510.71,0.9920838189456411,0.007916181054358894,1647674146.932246,13147363.77775422,observed_2.5d,historical_estimated,,GHS-BUILT-V R2023A,ghs_built_v_volume_share,none,2020-12-31,0.0,observed_input_imputation
ETH,2023,1825219817.43,0.9924452168992172,0.00755478310078288,1811430677.5980659,13789139.831934178,observed_2.5d,interpolated,2020-2025,GHS-BUILT-V R2023A,ghs_built_v_volume_share,none,2023-12-31,0.0,observed_input_imputation
ETH,2024,1863908361.04,0.9925656828837425,0.007434317116257542,1850051475.2083848,13856885.831615213,footprint_trend_nowcast,interpolated,2020-2025,GHS-BUILT-V R2023A,ghs_built_v_volume_share,modeled_trend_not_observed;no_dynamic_world_input;forecast_accuracy_unvalidated,2024-08-31,0.6666666666666666,full_footprint_fixed_height
ETH,2025,1923484220.77,0.9926861488682678,0.007313851131732204,1909416143.5250523,14068077.2449477,footprint_trend_nowcast,projected,,GHS-BUILT-V R2023A,ghs_built_v_volume_share,modeled_trend_not_observed;no_dynamic_world_input;forecast_accuracy_unvalidated,2025-08-31,1.6666666666666663,full_footprint_fixed_height
ETH,2026,1984964295.92,0.9927258381198251,0.0072741618801749645,1970525344.3051105,14438951.614889603,footprint_trend_nowcast,interpolated,2025-2030,GHS-BUILT-V R2023A,ghs_built_v_volume_share,modeled_trend_not_observed;no_dynamic_world_input;forecast_accuracy_unvalidated,2026-08-31,2.6666666666666665,full_footprint_fixed_height
FIN,2020,615866742.34,0.6357747102362776,0.3642252897637224,391552499.65537375,224314242.68462628,observed_2.5d,historical_estimated,,GHS-BUILT-V R2023A,ghs_built_v_volume_share,none,2020-12-31,0.0,observed_input_imputation
FIN,2023,634422300.66,0.6360466791922804,0.3639533208077196,403522197.54031944,230900103.1196805,observed_2.5d,interpolated,2020-2025,GHS-BUILT-V R2023A,ghs_built_v_volume_share,none,2023-12-31,0.0,observed_input_imputation
FIN,2024,638621095.06,0.6361373355109481,0.36386266448905197,406250721.8125523,232370373.24744773,footprint_trend_nowcast,interpolated,2020-2025,GHS-BUILT-V R2023A,ghs_built_v_volume_share,modeled_trend_not_observed;no_dynamic_world_input;forecast_accuracy_unvalidated,2024-08-31,0.6666666666666666,full_footprint_fixed_height
FIN,2025,644971448.2,0.6362279918296156,0.36377200817038435,410348889.275725,234622558.92427504,footprint_trend_nowcast,projected,,GHS-BUILT-V R2023A,ghs_built_v_volume_share,modeled_trend_not_observed;no_dynamic_world_input;forecast_accuracy_unvalidated,2025-08-31,1.6666666666666663,full_footprint_fixed_height
FIN,2026,651384948.31,0.6362947779009459,0.36370522209905415,414472841.0129306,236912107.29706943,footprint_trend_nowcast,interpolated,2025-2030,GHS-BUILT-V R2023A,ghs_built_v_volume_share,modeled_trend_not_observed;no_dynamic_world_input;forecast_accuracy_unvalidated,2026-08-31,2.6666666666666665,full_footprint_fixed_height
FJI,2020,37460168.12,0.9795277202470695,0.02047227975293055,36693273.07865555,766895.0413444504,observed_2.5d,historical_estimated,,GHS-BUILT-V R2023A,ghs_built_v_volume_share,none,2020-12-31,0.0,observed_input_imputation
FJI,2023,38081115.71,0.9795277202470695,0.02047227975293055,37301508.45588116,779607.2541188386,observed_2.5d,interpolated,2020-2025,GHS-BUILT-V R2023A,ghs_built_v_volume_share,none,2023-12-31,0.0,observed_input_imputation
FJI,2024,38220495.91,0.9795277202470695,0.02047227975293055,37438035.22543474,782460.6845652579,footprint_trend_nowcast,interpolated,2020-2025,GHS-BUILT-V R2023A,ghs_built_v_volume_share,modeled_trend_not_observed;no_dynamic_world_input;forecast_accuracy_unvalidated,2024-08-31,0.6666666666666666,full_footprint_fixed_height
FJI,2025,38430523.31,0.9795277202470695,0.02047227975293055,37643762.885746166,786760.4242538386,footprint_trend_nowcast,projected,,GHS-BUILT-V R2023A,ghs_built_v_volume_share,modeled_trend_not_observed;no_dynamic_world_input;forecast_accuracy_unvalidated,2025-08-31,1.6666666666666663,full_footprint_fixed_height
FJI,2026,38641704.84,0.9795282689725998,0.0204717310274002,37850642.25207534,791062.5879246686,footprint_trend_nowcast,interpolated,2025-2030,GHS-BUILT-V R2023A,ghs_built_v_volume_share,modeled_trend_not_observed;no_dynamic_world_input;forecast_accuracy_unvalidated,2026-08-31,2.6666666666666665,full_footprint_fixed_height
FRA,2020,6074526882.68,0.8173397619568118,0.18266023804318818,4964952356.289926,1109574526.3900747,observed_2.5d,historical_estimated,,GHS-BUILT-V R2023A,ghs_built_v_volume_share,none,2020-12-31,0.0,observed_input_imputation
FRA,2023,6361129189.52,0.8176011283463895,0.1823988716536104,5200866402.908707,1160262786.6112933,observed_2.5d,interpolated,2020-2025,GHS-BUILT-V R2023A,ghs_built_v_volume_share,none,2023-12-31,0.0,observed_input_imputation
FRA,2024,6426632933.92,0.8176882504762488,0.18231174952375115,5254982240.190087,1171650693.729913,footprint_trend_nowcast,interpolated,2020-2025,GHS-BUILT-V R2023A,ghs_built_v_volume_share,modeled_trend_not_observed;no_dynamic_world_input;forecast_accuracy_unvalidated,2024-08-31,0.6666666666666666,full_footprint_fixed_height
FRA,2025,6526155452.67,0.8177753726061081,0.1822246273938919,5336929206.992594,1189226245.6774065,footprint_trend_nowcast,projected,,GHS-BUILT-V R2023A,ghs_built_v_volume_share,modeled_trend_not_observed;no_dynamic_world_input;forecast_accuracy_unvalidated,2025-08-31,1.6666666666666663,full_footprint_fixed_height
FRA,2026,6627219172.21,0.8178896493209685,0.1821103506790315,5420333964.732037,1206885207.477964,footprint_trend_nowcast,interpolated,2025-2030,GHS-BUILT-V R2023A,ghs_built_v_volume_share,modeled_trend_not_observed;no_dynamic_world_input;forecast_accuracy_unvalidated,2026-08-31,2.6666666666666665,full_footprint_fixed_height
FSM,2020,2177822.61,0.9941655839048484,0.005834416095151527,2165116.286711831,12706.323288168905,observed_2.5d,historical_estimated,,GHS-BUILT-V R2023A,ghs_built_v_volume_share,none,2020-12-31,0.0,observed_input_imputation
FSM,2023,2228182.32,0.9941688644467385,0.005831135553261484,2215189.486854699,12992.833145300656,observed_2.5d,interpolated,2020-2025,GHS-BUILT-V R2023A,ghs_built_v_volume_share,none,2023-12-31,0.0,observed_input_imputation
FSM,2024,2239530.57,0.9941699579607018,0.0058300420392981365,2226474.0126286065,13056.557371393317,footprint_trend_nowcast,interpolated,2020-2025,GHS-BUILT-V R2023A,ghs_built_v_volume_share,modeled_trend_not_observed;no_dynamic_world_input;forecast_accuracy_unvalidated,2024-08-31,0.6666666666666666,full_footprint_fixed_height
FSM,2025,2256661.41,0.9941710514746652,0.005828948525334789,2243507.446802001,13153.963197999426,footprint_trend_nowcast,projected,,GHS-BUILT-V R2023A,ghs_built_v_volume_share,modeled_trend_not_observed;no_dynamic_world_input;forecast_accuracy_unvalidated,2025-08-31,1.6666666666666663,full_footprint_fixed_height
FSM,2026,2273923.29,0.9941840828888757,0.005815917111124235,2260698.340628305,13224.949371694916,footprint_trend_nowcast,interpolated,2025-2030,GHS-BUILT-V R2023A,ghs_built_v_volume_share,modeled_trend_not_observed;no_dynamic_world_input;forecast_accuracy_unvalidated,2026-08-31,2.6666666666666665,full_footprint_fixed_height
GAB,2020,73743642.56,0.9786891072859529,0.021310892714047035,72172099.70506081,1571542.8549391928,observed_2.5d,historical_estimated,,GHS-BUILT-V R2023A,ghs_built_v_volume_share,none,2020-12-31,0.0,observed_input_imputation
GAB,2023,77774183.11,0.9787372258378643,0.021262774162135723,76120488.21888748,1653694.8911125206,observed_2.5d,interpolated,2020-2025,GHS-BUILT-V R2023A,ghs_built_v_volume_share,none,2023-12-31,0.0,observed_input_imputation
GAB,2024,78699361.29,0.978753265355168,0.02124673464483195,77027256.84395361,1672104.4460463896,footprint_trend_nowcast,interpolated,2020-2025,GHS-BUILT-V R2023A,ghs_built_v_volume_share,modeled_trend_not_observed;no_dynamic_world_input;forecast_accuracy_unvalidated,2024-08-31,0.6666666666666666,full_footprint_fixed_height
GAB,2025,80107804.98,0.9787693048724718,0.02123069512752818,78407060.59513414,1700744.3848658637,footprint_trend_nowcast,projected,,GHS-BUILT-V R2023A,ghs_built_v_volume_share,modeled_trend_not_observed;no_dynamic_world_input;forecast_accuracy_unvalidated,2025-08-31,1.6666666666666663,full_footprint_fixed_height
GAB,2026,81541454.9,0.9787592354431868,0.02124076455681318,79809452.0548491,1732002.8451509005,footprint_trend_nowcast,interpolated,2025-2030,GHS-BUILT-V R2023A,ghs_built_v_volume_share,modeled_trend_not_observed;no_dynamic_world_input;forecast_accuracy_unvalidated,2026-08-31,2.6666666666666665,full_footprint_fixed_height
GBR,2020,3418464510.09,0.8171812099903055,0.18281879000969453,2793504964.6642632,624959545.425737,observed_2.5d,historical_estimated,,GHS-BUILT-V R2023A,ghs_built_v_volume_share,none,2020-12-31,0.0,observed_input_imputation
GBR,2023,3606945243.56,0.8171089195552294,0.1828910804447707,2947267130.860185,659678112.699815,observed_2.5d,interpolated,2020-2025,GHS-BUILT-V R2023A,ghs_built_v_volume_share,none,2023-12-31,0.0,observed_input_imputation
GBR,2024,3646820822.49,0.8170848227435372,0.18291517725646275,2979761945.321682,667058877.1683176,footprint_trend_nowcast,interpolated,2020-2025,GHS-BUILT-V R2023A,ghs_built_v_volume_share,modeled_trend_not_observed;no_dynamic_world_input;forecast_accuracy_unvalidated,2024-08-31,0.6666666666666666,full_footprint_fixed_height
GBR,2025,3707462274.3,0.8170607259318452,0.1829392740681548,3029221817.204488,678240457.0955123,footprint_trend_nowcast,projected,,GHS-BUILT-V R2023A,ghs_built_v_volume_share,modeled_trend_not_observed;no_dynamic_world_input;forecast_accuracy_unvalidated,2025-08-31,1.6666666666666663,full_footprint_fixed_height
GBR,2026,3769112107.35,0.8170835526498716,0.18291644735012838,3079679511.0091825,689432596.3408177,footprint_trend_nowcast,interpolated,2025-2030,GHS-BUILT-V R2023A,ghs_built_v_volume_share,modeled_trend_not_observed;no_dynamic_world_input;forecast_accuracy_unvalidated,2026-08-31,2.6666666666666665,full_footprint_fixed_height
GEO,2020,242256071.04,0.9453242074202669,0.054675792579733075,229010528.34863585,13245542.69136412,observed_2.5d,historical_estimated,,GHS-BUILT-V R2023A,ghs_built_v_volume_share,none,2020-12-31,0.0,observed_input_imputation
GEO,2023,256355188.76,0.9452596664637781,0.05474033353622182,242322220.22353646,14032968.536463503,observed_2.5d,interpolated,2020-2025,GHS-BUILT-V R2023A,ghs_built_v_volume_share,none,2023-12-31,0.0,observed_input_imputation
GEO,2024,259598120.56,0.9452381528116153,0.054761847188384734,245382047.9515014,14216072.608498598,footprint_trend_nowcast,interpolated,2020-2025,GHS-BUILT-V R2023A,ghs_built_v_volume_share,modeled_trend_not_observed;no_dynamic_world_input;forecast_accuracy_unvalidated,2024-08-31,0.6666666666666666,full_footprint_fixed_height
GEO,2025,264539599.38,0.9452166391594523,0.05478336084054765,250047231.05055153,14492368.329448454,footprint_trend_nowcast,projected,,GHS-BUILT-V R2023A,ghs_built_v_volume_share,modeled_trend_not_observed;no_dynamic_world_input;forecast_accuracy_unvalidated,2025-08-31,1.6666666666666663,full_footprint_fixed_height
GEO,2026,269575139.79,0.9451950036511015,0.054804996348898426,254801075.2380553,14774064.551944735,footprint_trend_nowcast,interpolated,2025-2030,GHS-BUILT-V R2023A,ghs_built_v_volume_share,modeled_trend_not_observed;no_dynamic_world_input;forecast_accuracy_unvalidated,2026-08-31,2.6666666666666665,full_footprint_fixed_height
GHA,2020,958424622.62,0.9892048243322697,0.010795175667730306,948078260.4545391,10346362.165461024,observed_2.5d,historical_estimated,,GHS-BUILT-V R2023A,ghs_built_v_volume_share,none,2020-12-31,0.0,observed_input_imputation
GHA,2023,1079528033.02,0.9893267505947724,0.010673249405227677,1068005961.0836427,11522071.93635732,observed_2.5d,interpolated,2020-2025,GHS-BUILT-V R2023A,ghs_built_v_volume_share,none,2023-12-31,0.0,observed_input_imputation
GHA,2024,1108453481.08,0.9893673926822733,0.010632607317726802,1096667730.485709,11785750.594290955,footprint_trend_nowcast,interpolated,2020-2025,GHS-BUILT-V R2023A,ghs_built_v_volume_share,modeled_trend_not_observed;no_dynamic_world_input;forecast_accuracy_unvalidated,2024-08-31,0.6666666666666666,full_footprint_fixed_height
GHA,2025,1153301328.45,0.9894080347697741,0.010591965230225925,1141085600.8790843,12215727.57091577,footprint_trend_nowcast,projected,,GHS-BUILT-V R2023A,ghs_built_v_volume_share,modeled_trend_not_observed;no_dynamic_world_input;forecast_accuracy_unvalidated,2025-08-31,1.6666666666666663,full_footprint_fixed_height
GHA,2026,1199963712.43,0.98942053668533,0.010579463314669971,1187268740.3554118,12694972.074588373,footprint_trend_nowcast,interpolated,2025-2030,GHS-BUILT-V R2023A,ghs_built_v_volume_share,modeled_trend_not_observed;no_dynamic_world_input;forecast_accuracy_unvalidated,2026-08-31,2.6666666666666665,full_footprint_fixed_height
GIN,2020,277637578.23,0.9896101855047934,0.010389814495206647,274752975.2952919,2884602.9347081236,observed_2.5d,historical_estimated,,GHS-BUILT-V R2023A,ghs_built_v_volume_share,none,2020-12-31,0.0,observed_input_imputation
GIN,2023,302309654.5,0.9897751592432186,0.010224840756781463,299218586.4234999,3091068.0765001224,observed_2.5d,interpolated,2020-2025,GHS-BUILT-V R2023A,ghs_built_v_volume_share,none,2023-12-31,0.0,observed_input_imputation
GIN,2024,308083479.2,0.9898301504893603,0.010169849510639735,304950316.5798217,3133162.620178307,footprint_trend_nowcast,interpolated,2020-2025,GHS-BUILT-V R2023A,ghs_built_v_volume_share,modeled_trend_not_observed;no_dynamic_world_input;forecast_accuracy_unvalidated,2024-08-31,0.6666666666666666,full_footprint_fixed_height
GIN,2025,316951637.58,0.989885141735502,0.010114858264498008,313745716.68917775,3205920.89082224,footprint_trend_nowcast,projected,,GHS-BUILT-V R2023A,ghs_built_v_volume_share,modeled_trend_not_observed;no_dynamic_world_input;forecast_accuracy_unvalidated,2025-08-31,1.6666666666666663,full_footprint_fixed_height
GIN,2026,326075065.19,0.9899143891882461,0.01008561081175383,322786398.9870764,3288666.2029235987,footprint_trend_nowcast,interpolated,2025-2030,GHS-BUILT-V R2023A,ghs_built_v_volume_share,modeled_trend_not_observed;no_dynamic_world_input;forecast_accuracy_unvalidated,2026-08-31,2.6666666666666665,full_footprint_fixed_height
GMB,2020,56875154.53,0.9954641639622936,0.004535836037706316,56617178.15443271,257976.37556728965,observed_2.5d,historical_estimated,,GHS-BUILT-V R2023A,ghs_built_v_volume_share,none,2020-12-31,0.0,observed_input_imputation
GMB,2023,62513278.48,0.995475681748537,0.00452431825146304,62230448.51321414,282829.96678585565,observed_2.5d,interpolated,2020-2025,GHS-BUILT-V R2023A,ghs_built_v_volume_share,none,2023-12-31,0.0,observed_input_imputation
GMB,2024,63840227.85,0.995479521010618,0.0045204789893819475,63551639.441326715,288588.40867328126,footprint_trend_nowcast,interpolated,2020-2025,GHS-BUILT-V R2023A,ghs_built_v_volume_share,modeled_trend_not_observed;no_dynamic_world_input;forecast_accuracy_unvalidated,2024-08-31,0.6666666666666666,full_footprint_fixed_height
GMB,2025,65883650.87,0.9954833602726991,0.004516639727300855,65586078.155100934,297572.71489906154,footprint_trend_nowcast,projected,,GHS-BUILT-V R2023A,ghs_built_v_volume_share,modeled_trend_not_observed;no_dynamic_world_input;forecast_accuracy_unvalidated,2025-08-31,1.6666666666666663,full_footprint_fixed_height
GMB,2026,67992480.57,0.9954713434141068,0.004528656585893162,67684565.97507545,307914.59492454334,footprint_trend_nowcast,interpolated,2025-2030,GHS-BUILT-V R2023A,ghs_built_v_volume_share,modeled_trend_not_observed;no_dynamic_world_input;forecast_accuracy_unvalidated,2026-08-31,2.6666666666666665,full_footprint_fixed_height
GNB,2020,48952674.5,0.994828045453932,0.005171954546068055,48699493.49257754,253181.00742246475,observed_2.5d,historical_estimated,,GHS-BUILT-V R2023A,ghs_built_v_volume_share,none,2020-12-31,0.0,observed_input_imputation
GNB,2023,49874498.93,0.9949031812543709,0.0050968187456291204,49620297.648924716,254201.2810752835,observed_2.5d,interpolated,2020-2025,GHS-BUILT-V R2023A,ghs_built_v_volume_share,none,2023-12-31,0.0,observed_input_imputation
GNB,2024,50081694.76,0.9949282265211838,0.005071773478816143,49827691.74874207,254003.0112579334,footprint_trend_nowcast,interpolated,2020-2025,GHS-BUILT-V R2023A,ghs_built_v_volume_share,modeled_trend_not_observed;no_dynamic_world_input;forecast_accuracy_unvalidated,2024-08-31,0.6666666666666666,full_footprint_fixed_height
GNB,2025,50394103.55,0.9949532717879969,0.0050467282120031645,50139778.2058956,254325.34410439382,footprint_trend_nowcast,projected,,GHS-BUILT-V R2023A,ghs_built_v_volume_share,modeled_trend_not_observed;no_dynamic_world_input;forecast_accuracy_unvalidated,2025-08-31,1.6666666666666663,full_footprint_fixed_height
GNB,2026,50708461.14,0.9949640206647591,0.0050359793352409195,50453094.377577096,255366.7624229072,footprint_trend_nowcast,interpolated,2025-2030,GHS-BUILT-V R2023A,ghs_built_v_volume_share,modeled_trend_not_observed;no_dynamic_world_input;forecast_accuracy_unvalidated,2026-08-31,2.6666666666666665,full_footprint_fixed_height
GNQ,2020,34102626.52,0.9476163286374595,0.05238367136254046,32316205.739776865,1786420.780223137,observed_2.5d,historical_estimated,,GHS-BUILT-V R2023A,ghs_built_v_volume_share,none,2020-12-31,0.0,observed_input_imputation
GNQ,2023,35119830.56,0.9448201400660764,0.05517985993392357,33181923.228796072,1937907.3312039287,observed_2.5d,interpolated,2020-2025,GHS-BUILT-V R2023A,ghs_built_v_volume_share,none,2023-12-31,0.0,observed_input_imputation
GNQ,2024,35349964.82,0.9438880772089486,0.056111922791051275,33366410.32335378,1983554.4966462187,footprint_trend_nowcast,interpolated,2020-2025,GHS-BUILT-V R2023A,ghs_built_v_volume_share,modeled_trend_not_observed;no_dynamic_world_input;forecast_accuracy_unvalidated,2024-08-31,0.6666666666666666,full_footprint_fixed_height
GNQ,2025,35697996.86,0.942956014351821,0.057043985648178974,33661640.83944942,2036356.0205505781,footprint_trend_nowcast,projected,,GHS-BUILT-V R2023A,ghs_built_v_volume_share,modeled_trend_not_observed;no_dynamic_world_input;forecast_accuracy_unvalidated,2025-08-31,1.6666666666666663,full_footprint_fixed_height
GNQ,2026,36049455.39,0.9424283136331307,0.05757168636686924,33974027.45059048,2075427.939409524,footprint_trend_nowcast,interpolated,2025-2030,GHS-BUILT-V R2023A,ghs_built_v_volume_share,modeled_trend_not_observed;no_dynamic_world_input;forecast_accuracy_unvalidated,2026-08-31,2.6666666666666665,full_footprint_fixed_height
GRC,2020,853851739.67,0.8694071688518342,0.13059283114816578,742344823.605708,111506916.06429191,observed_2.5d,historical_estimated,,GHS-BUILT-V R2023A,ghs_built_v_volume_share,none,2020-12-31,0.0,observed_input_imputation
GRC,2023,890023645.48,0.8689135907288547,0.13108640927114537,773353641.627612,116670003.85238807,observed_2.5d,interpolated,2020-2025,GHS-BUILT-V R2023A,ghs_built_v_volume_share,none,2023-12-31,0.0,observed_input_imputation
GRC,2024,898267701.3,0.8687490646878614,0.13125093531213855,780369225.3436902,117898475.95630969,footprint_trend_nowcast,interpolated,2020-2025,GHS-BUILT-V R2023A,ghs_built_v_volume_share,modeled_trend_not_observed;no_dynamic_world_input;forecast_accuracy_unvalidated,2024-08-31,0.6666666666666666,full_footprint_fixed_height
GRC,2025,910777185.56,0.8685845386468682,0.13141546135313176,791086981.5297257,119690204.03027429,footprint_trend_nowcast,projected,,GHS-BUILT-V R2023A,ghs_built_v_volume_share,modeled_trend_not_observed;no_dynamic_world_input;forecast_accuracy_unvalidated,2025-08-31,1.6666666666666663,full_footprint_fixed_height
GRC,2026,923460879.79,0.8684930148382548,0.13150698516174522,802019323.5740043,121441556.21599571,footprint_trend_nowcast,interpolated,2025-2030,GHS-BUILT-V R2023A,ghs_built_v_volume_share,modeled_trend_not_observed;no_dynamic_world_input;forecast_accuracy_unvalidated,2026-08-31,2.6666666666666665,full_footprint_fixed_height
GRD,2020,6904998.42,0.9576208427898643,0.04237915721013575,6612370.406423081,292628.013576919,observed_2.5d,historical_estimated,,GHS-BUILT-V R2023A,ghs_built_v_volume_share,none,2020-12-31,0.0,observed_input_imputation
GRD,2023,7250430.92,0.957897242791272,0.04210275720872811,6945167.787316585,305263.1326834152,observed_2.5d,interpolated,2020-2025,GHS-BUILT-V R2023A,ghs_built_v_volume_share,none,2023-12-31,0.0,observed_input_imputation
GRD,2024,7329510.69,0.9579893761250745,0.04201062387492556,7021593.373215165,307917.3167848361,footprint_trend_nowcast,interpolated,2020-2025,GHS-BUILT-V R2023A,ghs_built_v_volume_share,modeled_trend_not_observed;no_dynamic_world_input;forecast_accuracy_unvalidated,2024-08-31,0.6666666666666666,full_footprint_fixed_height
GRD,2025,7449750.49,0.958081509458877,0.04191849054112301,7137468.194551209,312282.2954487915,footprint_trend_nowcast,projected,,GHS-BUILT-V R2023A,ghs_built_v_volume_share,modeled_trend_not_observed;no_dynamic_world_input;forecast_accuracy_unvalidated,2025-08-31,1.6666666666666663,full_footprint_fixed_height
GRD,2026,7571962.82,0.9581944227084063,0.041805577291593767,7255412.543079416,316550.2769205843,footprint_trend_nowcast,interpolated,2025-2030,GHS-BUILT-V R2023A,ghs_built_v_volume_share,modeled_trend_not_observed;no_dynamic_world_input;forecast_accuracy_unvalidated,2026-08-31,2.6666666666666665,full_footprint_fixed_height
GRL,2020,2580183.97,0.8740190319777118,0.12598096802228817,2255129.8957838095,325054.07421619055,observed_2.5d,historical_estimated,,GHS-BUILT-V R2023A,ghs_built_v_volume_share,none,2020-12-31,0.0,observed_input_imputation
GRL,2023,1209496.65,0.8740283439406962,0.12597165605930377,1057134.3540013197,152362.2959986801,observed_2.5d,interpolated,2020-2025,GHS-BUILT-V R2023A,ghs_built_v_volume_share,none,2023-12-31,0.0,observed_input_imputation
GRL,2024,1209496.65,0.8740314479283576,0.12596855207164231,1057138.1082639978,152358.54173600193,footprint_trend_nowcast,interpolated,2020-2025,GHS-BUILT-V R2023A,ghs_built_v_volume_share,modeled_trend_not_observed;no_dynamic_world_input;forecast_accuracy_unvalidated;source_change_anomaly;primary_carry_forward_raw_trend_in_scenarios,2024-08-31,0.6666666666666666,source_change_carry_forward
GRL,2025,1209496.65,0.8740345519160191,0.12596544808398086,1057141.8625266762,152354.78747332375,footprint_trend_nowcast,projected,,GHS-BUILT-V R2023A,ghs_built_v_volume_share,modeled_trend_not_observed;no_dynamic_world_input;forecast_accuracy_unvalidated;source_change_anomaly;primary_carry_forward_raw_trend_in_scenarios,2025-08-31,1.6666666666666663,source_change_carry_forward
GRL,2026,1209496.65,0.8739805801473459,0.12601941985265408,1057076.5838532713,152420.06614672858,footprint_trend_nowcast,interpolated,2025-2030,GHS-BUILT-V R2023A,ghs_built_v_volume_share,modeled_trend_not_observed;no_dynamic_world_input;forecast_accuracy_unvalidated;source_change_anomaly;primary_carry_forward_raw_trend_in_scenarios,2026-08-31,2.6666666666666665,source_change_carry_forward
GTM,2020,599114028.81,0.971518983886453,0.02848101611354698,582050652.5016103,17063376.308389656,observed_2.5d,historical_estimated,,GHS-BUILT-V R2023A,ghs_built_v_volume_share,none,2020-12-31,0.0,observed_input_imputation
GTM,2023,655326350.78,0.9719185782221068,0.028081421777893193,636923855.1215792,18402495.658420764,observed_2.5d,interpolated,2020-2025,GHS-BUILT-V R2023A,ghs_built_v_volume_share,none,2023-12-31,0.0,observed_input_imputation
GTM,2024,668517490.25,0.9720517763339914,0.027948223666008597,649833613.9078543,18683876.342145722,footprint_trend_nowcast,interpolated,2020-2025,GHS-BUILT-V R2023A,ghs_built_v_volume_share,modeled_trend_not_observed;no_dynamic_world_input;forecast_accuracy_unvalidated,2024-08-31,0.6666666666666666,full_footprint_fixed_height
GTM,2025,688803726.71,0.972184974445876,0.027815025554124,669644633.4497856,19159093.260214496,footprint_trend_nowcast,projected,,GHS-BUILT-V R2023A,ghs_built_v_volume_share,modeled_trend_not_observed;no_dynamic_world_input;forecast_accuracy_unvalidated,2025-08-31,1.6666666666666663,full_footprint_fixed_height
GTM,2026,709705551.23,0.9722132477428351,0.02778675225716494,689985138.9024373,19720412.32756269,footprint_trend_nowcast,interpolated,2025-2030,GHS-BUILT-V R2023A,ghs_built_v_volume_share,modeled_trend_not_observed;no_dynamic_world_input;forecast_accuracy_unvalidated,2026-08-31,2.6666666666666665,full_footprint_fixed_height
GUY,2020,46462035.66,0.9753568856845041,0.024643114315495897,45317066.40389997,1144969.256100027,observed_2.5d,historical_estimated,,GHS-BUILT-V R2023A,ghs_built_v_volume_share,none,2020-12-31,0.0,observed_input_imputation
GUY,2023,49163715.5,0.974274308145592,0.025725691854407946,47898944.904629216,1264770.5953707797,observed_2.5d,interpolated,2020-2025,GHS-BUILT-V R2023A,ghs_built_v_volume_share,none,2023-12-31,0.0,observed_input_imputation
GUY,2024,49785109.47,0.9739134489659547,0.026086551034045294,48486387.67107531,1298721.7989246866,footprint_trend_nowcast,interpolated,2020-2025,GHS-BUILT-V R2023A,ghs_built_v_volume_share,modeled_trend_not_observed;no_dynamic_world_input;forecast_accuracy_unvalidated,2024-08-31,0.6666666666666666,full_footprint_fixed_height
GUY,2025,50731957.59,0.9735525897863173,0.026447410213682642,49390228.69667412,1341728.8933258806,footprint_trend_nowcast,projected,,GHS-BUILT-V R2023A,ghs_built_v_volume_share,modeled_trend_not_observed;no_dynamic_world_input;forecast_accuracy_unvalidated,2025-08-31,1.6666666666666663,full_footprint_fixed_height
GUY,2026,51696813.54,0.9734265834975634,0.026573416502436616,50323052.58195277,1373760.9580472247,footprint_trend_nowcast,interpolated,2025-2030,GHS-BUILT-V R2023A,ghs_built_v_volume_share,modeled_trend_not_observed;no_dynamic_world_input;forecast_accuracy_unvalidated,2026-08-31,2.6666666666666665,full_footprint_fixed_height
HND,2020,335660713.27,0.9753281269085103,0.024671873091489667,327379334.75040364,8281378.519596341,observed_2.5d,historical_estimated,,GHS-BUILT-V R2023A,ghs_built_v_volume_share,none,2020-12-31,0.0,observed_input_imputation
HND,2023,364417328.07,0.9754571537274118,0.02454284627258819,355473489.60811067,8943838.461889347,observed_2.5d,interpolated,2020-2025,GHS-BUILT-V R2023A,ghs_built_v_volume_share,none,2023-12-31,0.0,observed_input_imputation
HND,2024,371135092.63,0.9755001626670456,0.024499837332954365,362042343.23201406,9092749.39798595,footprint_trend_nowcast,interpolated,2020-2025,GHS-BUILT-V R2023A,ghs_built_v_volume_share,modeled_trend_not_observed;no_dynamic_world_input;forecast_accuracy_unvalidated,2024-08-31,0.6666666666666666,full_footprint_fixed_height
HND,2025,381444645.67,0.9755431716066795,0.02445682839332054,372115719.42929786,9328926.240702149,footprint_trend_nowcast,projected,,GHS-BUILT-V R2023A,ghs_built_v_volume_share,modeled_trend_not_observed;no_dynamic_world_input;forecast_accuracy_unvalidated,2025-08-31,1.6666666666666663,full_footprint_fixed_height
HND,2026,392040581.99,0.975537722176762,0.024462277823237993,382450376.3553767,9590205.634623293,footprint_trend_nowcast,interpolated,2025-2030,GHS-BUILT-V R2023A,ghs_built_v_volume_share,modeled_trend_not_observed;no_dynamic_world_input;forecast_accuracy_unvalidated,2026-08-31,2.6666666666666665,full_footprint_fixed_height
HRV,2020,361520718.43,0.8809861871052967,0.11901381289470324,318494759.2892133,43025959.140786715,observed_2.5d,historical_estimated,,GHS-BUILT-V R2023A,ghs_built_v_volume_share,none,2020-12-31,0.0,observed_input_imputation
HRV,2023,380643014.24,0.8811766406950327,0.11882335930496733,335413732.5920347,45229281.64796532,observed_2.5d,interpolated,2020-2025,GHS-BUILT-V R2023A,ghs_built_v_volume_share,none,2023-12-31,0.0,observed_input_imputation
HRV,2024,385027930.88,0.8812401252249445,0.11875987477505537,339302062.0237925,45725868.856207475,footprint_trend_nowcast,interpolated,2020-2025,GHS-BUILT-V R2023A,ghs_built_v_volume_share,modeled_trend_not_observed;no_dynamic_world_input;forecast_accuracy_unvalidated,2024-08-31,0.6666666666666666,full_footprint_fixed_height
HRV,2025,391700199.67,0.8813036097548566,0.1186963902451434,345206799.91086906,46493399.75913091,footprint_trend_nowcast,projected,,GHS-BUILT-V R2023A,ghs_built_v_volume_share,modeled_trend_not_observed;no_dynamic_world_input;forecast_accuracy_unvalidated,2025-08-31,1.6666666666666663,full_footprint_fixed_height
HRV,2026,398488094.28,0.8812955400910047,0.11870445990899524,351185780.2683278,47302314.01167217,footprint_trend_nowcast,interpolated,2025-2030,GHS-BUILT-V R2023A,ghs_built_v_volume_share,modeled_trend_not_observed;no_dynamic_world_input;forecast_accuracy_unvalidated,2026-08-31,2.6666666666666665,full_footprint_fixed_height
HTI,2020,189002396.54,0.9775019033744576,0.022498096625542394,184750202.36018398,4252194.179815999,observed_2.5d,historical_estimated,,GHS-BUILT-V R2023A,ghs_built_v_volume_share,none,2020-12-31,0.0,observed_input_imputation
HTI,2023,199836091.86,0.9776942035405244,0.022305796459475623,195378588.6697138,4457503.190286234,observed_2.5d,interpolated,2020-2025,GHS-BUILT-V R2023A,ghs_built_v_volume_share,none,2023-12-31,0.0,observed_input_imputation
HTI,2024,202326689.64,0.9777583035958799,0.02224169640412003,197826600.8345765,4500088.805423497,footprint_trend_nowcast,interpolated,2020-2025,GHS-BUILT-V R2023A,ghs_built_v_volume_share,modeled_trend_not_observed;no_dynamic_world_input;forecast_accuracy_unvalidated,2024-08-31,0.6666666666666666,full_footprint_fixed_height
HTI,2025,206120908.56,0.9778224036512355,0.022177596348764442,201549642.25091574,4571266.3090842655,footprint_trend_nowcast,projected,,GHS-BUILT-V R2023A,ghs_built_v_volume_share,modeled_trend_not_observed;no_dynamic_world_input;forecast_accuracy_unvalidated,2025-08-31,1.6666666666666663,full_footprint_fixed_height
HTI,2026,209986280.22,0.977794145824658,0.022205854175342033,205323355.50261217,4662924.717387829,footprint_trend_nowcast,interpolated,2025-2030,GHS-BUILT-V R2023A,ghs_built_v_volume_share,modeled_trend_not_observed;no_dynamic_world_input;forecast_accuracy_unvalidated,2026-08-31,2.6666666666666665,full_footprint_fixed_height
HUN,2020,853072780.53,0.856831545334869,0.14316845466513095,730939668.8246335,122133111.7053665,observed_2.5d,historical_estimated,,GHS-BUILT-V R2023A,ghs_built_v_volume_share,none,2020-12-31,0.0,observed_input_imputation
HUN,2023,903090760.9,0.8563065742331578,0.14369342576684221,773322555.6878948,129768205.2121052,observed_2.5d,interpolated,2020-2025,GHS-BUILT-V R2023A,ghs_built_v_volume_share,none,2023-12-31,0.0,observed_input_imputation
HUN,2024,914598232.97,0.8561315838659207,0.1438684161340793,783016433.7935785,131581799.17642157,footprint_trend_nowcast,interpolated,2020-2025,GHS-BUILT-V R2023A,ghs_built_v_volume_share,modeled_trend_not_observed;no_dynamic_world_input;forecast_accuracy_unvalidated,2024-08-31,0.6666666666666666,full_footprint_fixed_height
HUN,2025,932134958.85,0.8559565934986836,0.1440434065013164,797867064.0582817,134267894.7917184,footprint_trend_nowcast,projected,,GHS-BUILT-V R2023A,ghs_built_v_volume_share,modeled_trend_not_observed;no_dynamic_world_input;forecast_accuracy_unvalidated,2025-08-31,1.6666666666666663,full_footprint_fixed_height
HUN,2026,950007938.12,0.8558739578523535,0.14412604214764643,813087053.9899182,136920884.1300818,footprint_trend_nowcast,interpolated,2025-2030,GHS-BUILT-V R2023A,ghs_built_v_volume_share,modeled_trend_not_observed;no_dynamic_world_input;forecast_accuracy_unvalidated,2026-08-31,2.6666666666666665,full_footprint_fixed_height
IDN,2020,10794355074.09,0.9535373933623748,0.04646260663762521,10292821200.375702,501533873.7142974,observed_2.5d,historical_estimated,,GHS-BUILT-V R2023A,ghs_built_v_volume_share,none,2020-12-31,0.0,observed_input_imputation
IDN,2023,11473877386.57,0.953636915990342,0.04636308400965799,10941913045.379938,531964341.19005996,observed_2.5d,interpolated,2020-2025,GHS-BUILT-V R2023A,ghs_built_v_volume_share,none,2023-12-31,0.0,observed_input_imputation
IDN,2024,11630599324.95,0.9536700901996644,0.046329909800335585,11091754707.301224,538844617.6487775,footprint_trend_nowcast,interpolated,2020-2025,GHS-BUILT-V R2023A,ghs_built_v_volume_share,modeled_trend_not_observed;no_dynamic_world_input;forecast_accuracy_unvalidated,2024-08-31,0.6666666666666666,full_footprint_fixed_height
IDN,2025,11869705107.43,0.9537032644089868,0.046296735591013174,11320176508.528015,549528598.9019854,footprint_trend_nowcast,projected,,GHS-BUILT-V R2023A,ghs_built_v_volume_share,modeled_trend_not_observed;no_dynamic_world_input;forecast_accuracy_unvalidated,2025-08-31,1.6666666666666663,full_footprint_fixed_height
IDN,2026,12113726507.2,0.9537434712639987,0.0462565287360012,11553387568.919643,560338938.2803563,footprint_trend_nowcast,interpolated,2025-2030,GHS-BUILT-V R2023A,ghs_built_v_volume_share,modeled_trend_not_observed;no_dynamic_world_input;forecast_accuracy_unvalidated,2026-08-31,2.6666666666666665,full_footprint_fixed_height
IND,2020,27853638424.04,0.9595780409155349,0.040421959084465074,26727739791.30997,1125898632.730029,observed_2.5d,historical_estimated,,GHS-BUILT-V R2023A,ghs_built_v_volume_share,none,2020-12-31,0.0,observed_input_imputation
IND,2023,29243910723.05,0.9600778818930485,0.03992211810695149,28076431865.255253,1167478857.794747,observed_2.5d,interpolated,2020-2025,GHS-BUILT-V R2023A,ghs_built_v_volume_share,none,2023-12-31,0.0,observed_input_imputation
IND,2024,29562164593.76,0.9602444955522197,0.03975550444778029,28386905827.766758,1175258765.9932387,footprint_trend_nowcast,interpolated,2020-2025,GHS-BUILT-V R2023A,ghs_built_v_volume_share,modeled_trend_not_observed;no_dynamic_world_input;forecast_accuracy_unvalidated,2024-08-31,0.6666666666666666,full_footprint_fixed_height
IND,2025,30046051176.5,0.960411109211391,0.039588890788609096,28856561337.84458,1189489838.6554184,footprint_trend_nowcast,projected,,GHS-BUILT-V R2023A,ghs_built_v_volume_share,modeled_trend_not_observed;no_dynamic_world_input;forecast_accuracy_unvalidated,2025-08-31,1.6666666666666663,full_footprint_fixed_height
IND,2026,30537858228.8,0.9604832315124981,0.03951676848750193,29331100755.068356,1206757473.7316453,footprint_trend_nowcast,interpolated,2025-2030,GHS-BUILT-V R2023A,ghs_built_v_volume_share,modeled_trend_not_observed;no_dynamic_world_input;forecast_accuracy_unvalidated,2026-08-31,2.6666666666666665,full_footprint_fixed_height
IRL,2020,426553619.4,0.8453693238551141,0.15463067614488593,360595344.82012963,65958274.57987033,observed_2.5d,historical_estimated,,GHS-BUILT-V R2023A,ghs_built_v_volume_share,none,2020-12-31,0.0,observed_input_imputation
IRL,2023,449407443.08,0.8453389960010722,0.15466100399892782,379901636.7286562,69505806.35134381,observed_2.5d,interpolated,2020-2025,GHS-BUILT-V R2023A,ghs_built_v_volume_share,none,2023-12-31,0.0,observed_input_imputation
IRL,2024,454650098.7,0.8453288867163915,0.15467111328360847,384328861.7795685,70321236.92043146,footprint_trend_nowcast,interpolated,2020-2025,GHS-BUILT-V R2023A,ghs_built_v_volume_share,modeled_trend_not_observed;no_dynamic_world_input;forecast_accuracy_unvalidated,2024-08-31,0.6666666666666666,full_footprint_fixed_height
IRL,2025,462628978.43,0.8453187774317109,0.1546812225682891,391068962.450929,71560015.97907105,footprint_trend_nowcast,projected,,GHS-BUILT-V R2023A,ghs_built_v_volume_share,modeled_trend_not_observed;no_dynamic_world_input;forecast_accuracy_unvalidated,2025-08-31,1.6666666666666663,full_footprint_fixed_height
IRL,2026,470747883.47,0.8453319385480866,0.15466806145191342,397938220.9011039,72809662.56889614,footprint_trend_nowcast,interpolated,2025-2030,GHS-BUILT-V R2023A,ghs_built_v_volume_share,modeled_trend_not_observed;no_dynamic_world_input;forecast_accuracy_unvalidated,2026-08-31,2.6666666666666665,full_footprint_fixed_height
IRN,2020,3753827768.77,0.9334307965111832,0.06656920348881684,3503938444.168779,249889324.6012214,observed_2.5d,historical_estimated,,GHS-BUILT-V R2023A,ghs_built_v_volume_share,none,2020-12-31,0.0,observed_input_imputation
IRN,2023,4066045855.51,0.9326663377714244,0.06733366222857562,3792264097.2691903,273781758.24081016,observed_2.5d,interpolated,2020-2025,GHS-BUILT-V R2023A,ghs_built_v_volume_share,none,2023-12-31,0.0,observed_input_imputation
IRN,2024,4138639025.64,0.9324115181915048,0.06758848180849522,3858914697.1436024,279724328.4963975,footprint_trend_nowcast,interpolated,2020-2025,GHS-BUILT-V R2023A,ghs_built_v_volume_share,modeled_trend_not_observed;no_dynamic_world_input;forecast_accuracy_unvalidated,2024-08-31,0.6666666666666666,full_footprint_fixed_height
IRN,2025,4249966075.42,0.9321566986115852,0.06784330138841481,3961634346.074743,288331729.3452575,footprint_trend_nowcast,projected,,GHS-BUILT-V R2023A,ghs_built_v_volume_share,modeled_trend_not_observed;no_dynamic_world_input;forecast_accuracy_unvalidated,2025-08-31,1.6666666666666663,full_footprint_fixed_height
IRN,2026,4364287759.9,0.9320030977204955,0.06799690227950457,4067529711.5704417,296758048.3295582,footprint_trend_nowcast,interpolated,2025-2030,GHS-BUILT-V R2023A,ghs_built_v_volume_share,modeled_trend_not_observed;no_dynamic_world_input;forecast_accuracy_unvalidated,2026-08-31,2.6666666666666665,full_footprint_fixed_height
IRQ,2020,1226955244.87,0.9653714711020979,0.034628528897902175,1184467589.7165866,42487655.15341343,observed_2.5d,historical_estimated,,GHS-BUILT-V R2023A,ghs_built_v_volume_share,none,2020-12-31,0.0,observed_input_imputation
IRQ,2023,1387601146.59,0.9647416109100218,0.03525838908997825,1338676565.4618297,48924581.12817016,observed_2.5d,interpolated,2020-2025,GHS-BUILT-V R2023A,ghs_built_v_volume_share,none,2023-12-31,0.0,observed_input_imputation
IRQ,2024,1426064933.46,0.9645316575126631,0.035468342487336935,1375484773.9908595,50580159.46914064,footprint_trend_nowcast,interpolated,2020-2025,GHS-BUILT-V R2023A,ghs_built_v_volume_share,modeled_trend_not_observed;no_dynamic_world_input;forecast_accuracy_unvalidated,2024-08-31,0.6666666666666666,full_footprint_fixed_height
IRQ,2025,1485768946.32,0.9643217041153044,0.03567829588469563,1432759242.2369025,53009704.08309741,footprint_trend_nowcast,projected,,GHS-BUILT-V R2023A,ghs_built_v_volume_share,modeled_trend_not_observed;no_dynamic_world_input;forecast_accuracy_unvalidated,2025-08-31,1.6666666666666663,full_footprint_fixed_height
IRQ,2026,1547972543.23,0.964135633065934,0.03586436693406606,1492455487.93574,55517055.29426016,footprint_trend_nowcast,interpolated,2025-2030,GHS-BUILT-V R2023A,ghs_built_v_volume_share,modeled_trend_not_observed;no_dynamic_world_input;forecast_accuracy_unvalidated,2026-08-31,2.6666666666666665,full_footprint_fixed_height
ISL,2020,26377629.57,0.726158170362468,0.27384182963753206,19154331.227050133,7223298.342949868,observed_2.5d,historical_estimated,,GHS-BUILT-V R2023A,ghs_built_v_volume_share,none,2020-12-31,0.0,observed_input_imputation
ISL,2023,27117290.59,0.7244569927983986,0.2755430072016014,19645310.793671712,7471979.7963282885,observed_2.5d,interpolated,2020-2025,GHS-BUILT-V R2023A,ghs_built_v_volume_share,none,2023-12-31,0.0,observed_input_imputation
ISL,2024,27267847.06,0.7238899336103755,0.27611006638962454,19738919.99796127,7528927.062038728,footprint_trend_nowcast,interpolated,2020-2025,GHS-BUILT-V R2023A,ghs_built_v_volume_share,modeled_trend_not_observed;no_dynamic_world_input;forecast_accuracy_unvalidated,2024-08-31,0.6666666666666666,full_footprint_fixed_height
ISL,2025,27495250.52,0.7233228744223523,0.2766771255776477,19887943.639089078,7607306.880910923,footprint_trend_nowcast,projected,,GHS-BUILT-V R2023A,ghs_built_v_volume_share,modeled_trend_not_observed;no_dynamic_world_input;forecast_accuracy_unvalidated,2025-08-31,1.6666666666666663,full_footprint_fixed_height
ISL,2026,27724550.44,0.7232403343318822,0.2767596656681179,20051513.129426733,7673037.310573271,footprint_trend_nowcast,interpolated,2025-2030,GHS-BUILT-V R2023A,ghs_built_v_volume_share,modeled_trend_not_observed;no_dynamic_world_input;forecast_accuracy_unvalidated,2026-08-31,2.6666666666666665,full_footprint_fixed_height
ISR,2020,372353983.14,0.8930087437738219,0.10699125622617808,332515362.72303027,39838620.41696973,observed_2.5d,historical_estimated,,GHS-BUILT-V R2023A,ghs_built_v_volume_share,none,2020-12-31,0.0,observed_input_imputation
ISR,2023,383737232.46,0.8921533795145264,0.10784662048547353,342352468.7847404,41384763.67525955,observed_2.5d,interpolated,2020-2025,GHS-BUILT-V R2023A,ghs_built_v_volume_share,none,2023-12-31,0.0,observed_input_imputation
ISR,2024,387067475.12,0.8918682580947613,0.10813174190523868,345213194.80041176,41854280.31958824,footprint_trend_nowcast,interpolated,2020-2025,GHS-BUILT-V R2023A,ghs_built_v_volume_share,modeled_trend_not_observed;no_dynamic_world_input;forecast_accuracy_unvalidated,2024-08-31,0.6666666666666666,full_footprint_fixed_height
ISR,2025,392117107.39,0.8915831366749962,0.10841686332500383,349605000.5507025,42512106.83929748,footprint_trend_nowcast,projected,,GHS-BUILT-V R2023A,ghs_built_v_volume_share,modeled_trend_not_observed;no_dynamic_world_input;forecast_accuracy_unvalidated,2025-08-31,1.6666666666666663,full_footprint_fixed_height
ISR,2026,397232616.51,0.891413264903319,0.10858673509668106,354098423.6092671,43134192.90073286,footprint_trend_nowcast,interpolated,2025-2030,GHS-BUILT-V R2023A,ghs_built_v_volume_share,modeled_trend_not_observed;no_dynamic_world_input;forecast_accuracy_unvalidated,2026-08-31,2.6666666666666665,full_footprint_fixed_height
ITA,2020,5000634293.29,0.7524722330012892,0.2475277669987108,3762838453.09475,1237795840.1952498,observed_2.5d,historical_estimated,,GHS-BUILT-V R2023A,ghs_built_v_volume_share,none,2020-12-31,0.0,observed_input_imputation
ITA,2023,5125317478.93,0.7524360216215683,0.24756397837843172,3856473493.3935757,1268843985.5364249,observed_2.5d,interpolated,2020-2025,GHS-BUILT-V R2023A,ghs_built_v_volume_share,none,2023-12-31,0.0,observed_input_imputation
ITA,2024,5155919857.72,0.7524239511616613,0.2475760488383387,3879437591.218553,1276482266.5014472,footprint_trend_nowcast,interpolated,2020-2025,GHS-BUILT-V R2023A,ghs_built_v_volume_share,modeled_trend_not_observed;no_dynamic_world_input;forecast_accuracy_unvalidated,2024-08-31,0.6666666666666666,full_footprint_fixed_height
ITA,2025,5202166369.36,0.7524118807017544,0.24758811929824567,3914171781.6935744,1287994587.6664252,footprint_trend_nowcast,projected,,GHS-BUILT-V R2023A,ghs_built_v_volume_share,modeled_trend_not_observed;no_dynamic_world_input;forecast_accuracy_unvalidated,2025-08-31,1.6666666666666663,full_footprint_fixed_height
ITA,2026,5248827693.47,0.7524568887036509,0.24754311129634907,3949516555.569997,1299311137.9000034,footprint_trend_nowcast,interpolated,2025-2030,GHS-BUILT-V R2023A,ghs_built_v_volume_share,modeled_trend_not_observed;no_dynamic_world_input;forecast_accuracy_unvalidated,2026-08-31,2.6666666666666665,full_footprint_fixed_height
JAM,2020,133338245.19,0.9675568620272211,0.03244313797277883,129012334.1042526,4325911.085747383,observed_2.5d,historical_estimated,,GHS-BUILT-V R2023A,ghs_built_v_volume_share,none,2020-12-31,0.0,observed_input_imputation
JAM,2023,139540116.51,0.9682335352072745,0.03176646479272543,135107420.31171227,4432696.198287719,observed_2.5d,interpolated,2020-2025,GHS-BUILT-V R2023A,ghs_built_v_volume_share,none,2023-12-31,0.0,observed_input_imputation
JAM,2024,140957021.31,0.968459092933959,0.03154090706604096,136511109.00055534,4445912.309444665,footprint_trend_nowcast,interpolated,2020-2025,GHS-BUILT-V R2023A,ghs_built_v_volume_share,modeled_trend_not_observed;no_dynamic_world_input;forecast_accuracy_unvalidated,2024-08-31,0.6666666666666666,full_footprint_fixed_height
JAM,2025,143109400.49,0.9686846506606435,0.031315349339356494,138627879.61990976,4481520.870090226,footprint_trend_nowcast,projected,,GHS-BUILT-V R2023A,ghs_built_v_volume_share,modeled_trend_not_observed;no_dynamic_world_input;forecast_accuracy_unvalidated,2025-08-31,1.6666666666666663,full_footprint_fixed_height
JAM,2026,145294645.96,0.9687651047049464,0.03123489529505355,140756382.90650752,4538263.053492475,footprint_trend_nowcast,interpolated,2025-2030,GHS-BUILT-V R2023A,ghs_built_v_volume_share,modeled_trend_not_observed;no_dynamic_world_input;forecast_accuracy_unvalidated,2026-08-31,2.6666666666666665,full_footprint_fixed_height
JOR,2020,279172690.0,0.9498365753246962,0.05016342467530378,265168431.79378307,14004258.206216933,observed_2.5d,historical_estimated,,GHS-BUILT-V R2023A,ghs_built_v_volume_share,none,2020-12-31,0.0,observed_input_imputation
JOR,2023,295560679.23,0.9488483994294384,0.0511516005705616,280442277.42166317,15118401.808336845,observed_2.5d,interpolated,2020-2025,GHS-BUILT-V R2023A,ghs_built_v_volume_share,none,2023-12-31,0.0,observed_input_imputation
JOR,2024,299876166.04,0.9485190074643525,0.05148099253564754,284438243.3744762,15437922.665523844,footprint_trend_nowcast,interpolated,2020-2025,GHS-BUILT-V R2023A,ghs_built_v_volume_share,modeled_trend_not_observed;no_dynamic_world_input;forecast_accuracy_unvalidated,2024-08-31,0.6666666666666666,full_footprint_fixed_height
JOR,2025,306467827.91,0.9481896154992665,0.05181038450073348,290589611.9088783,15878216.001121722,footprint_trend_nowcast,projected,,GHS-BUILT-V R2023A,ghs_built_v_volume_share,modeled_trend_not_observed;no_dynamic_world_input;forecast_accuracy_unvalidated,2025-08-31,1.6666666666666663,full_footprint_fixed_height
JOR,2026,313204382.94,0.9479415755992331,0.05205842440076693,296899456.24872917,16304926.691270847,footprint_trend_nowcast,interpolated,2025-2030,GHS-BUILT-V R2023A,ghs_built_v_volume_share,modeled_trend_not_observed;no_dynamic_world_input;forecast_accuracy_unvalidated,2026-08-31,2.6666666666666665,full_footprint_fixed_height
JPN,2020,8341228241.78,0.92510987055111,0.07489012944888998,7716552578.990358,624675662.7896411,observed_2.5d,historical_estimated,,GHS-BUILT-V R2023A,ghs_built_v_volume_share,none,2020-12-31,0.0,observed_input_imputation
JPN,2023,8505060343.2,0.9246398611262495,0.07536013887375047,7864117814.60682,640942528.5931798,observed_2.5d,interpolated,2020-2025,GHS-BUILT-V R2023A,ghs_built_v_volume_share,none,2023-12-31,0.0,observed_input_imputation
JPN,2024,8554210353.84,0.9244831913179627,0.0755168086820373,7908223687.123162,645986666.7168379,footprint_trend_nowcast,interpolated,2020-2025,GHS-BUILT-V R2023A,ghs_built_v_volume_share,modeled_trend_not_observed;no_dynamic_world_input;forecast_accuracy_unvalidated,2024-08-31,0.6666666666666666,full_footprint_fixed_height
JPN,2025,8628468445.5,0.9243265215096759,0.07567347849032413,7975522224.185016,652946221.3149848,footprint_trend_nowcast,projected,,GHS-BUILT-V R2023A,ghs_built_v_volume_share,modeled_trend_not_observed;no_dynamic_world_input;forecast_accuracy_unvalidated,2025-08-31,1.6666666666666663,full_footprint_fixed_height
JPN,2026,8703371162.91,0.9242281731423913,0.0757718268576087,8043900830.076478,659470332.833521,footprint_trend_nowcast,interpolated,2025-2030,GHS-BUILT-V R2023A,ghs_built_v_volume_share,modeled_trend_not_observed;no_dynamic_world_input;forecast_accuracy_unvalidated,2026-08-31,2.6666666666666665,full_footprint_fixed_height
KAZ,2020,1009034692.97,0.9340453141637616,0.0659546858362384,942484126.7972984,66550566.17270162,observed_2.5d,historical_estimated,,GHS-BUILT-V R2023A,ghs_built_v_volume_share,none,2020-12-31,0.0,observed_input_imputation
KAZ,2023,1106837370.56,0.9336709611633844,0.06632903883661558,1033421911.6223083,73415458.9376917,observed_2.5d,interpolated,2020-2025,GHS-BUILT-V R2023A,ghs_built_v_volume_share,none,2023-12-31,0.0,observed_input_imputation
KAZ,2024,1129827640.24,0.9335461768299254,0.06645382317007463,1054746274.0228283,75081366.21717165,footprint_trend_nowcast,interpolated,2020-2025,GHS-BUILT-V R2023A,ghs_built_v_volume_share,modeled_trend_not_observed;no_dynamic_world_input;forecast_accuracy_unvalidated,2024-08-31,0.6666666666666666,full_footprint_fixed_height
KAZ,2025,1165211512.72,0.9334213924964663,0.06657860750353368,1087633352.7560163,77578159.96398363,footprint_trend_nowcast,projected,,GHS-BUILT-V R2023A,ghs_built_v_volume_share,modeled_trend_not_observed;no_dynamic_world_input;forecast_accuracy_unvalidated,2025-08-31,1.6666666666666663,full_footprint_fixed_height
KAZ,2026,1201703535.14,0.9333224612769794,0.06667753872302057,1121576901.142112,80126633.99788806,footprint_trend_nowcast,interpolated,2025-2030,GHS-BUILT-V R2023A,ghs_built_v_volume_share,modeled_trend_not_observed;no_dynamic_world_input;forecast_accuracy_unvalidated,2026-08-31,2.6666666666666665,full_footprint_fixed_height
KEN,2020,1180050447.52,0.9807636113997867,0.019236388600213223,1157350538.5436497,22699908.97635024,observed_2.5d,historical_estimated,,GHS-BUILT-V R2023A,ghs_built_v_volume_share,none,2020-12-31,0.0,observed_input_imputation
KEN,2023,1295570584.12,0.981814933473074,0.01818506652692598,1272010546.8574493,23560037.262550548,observed_2.5d,interpolated,2020-2025,GHS-BUILT-V R2023A,ghs_built_v_volume_share,none,2023-12-31,0.0,observed_input_imputation
KEN,2024,1322740113.97,0.9821653741641697,0.01783462583583023,1299149538.9593015,23590575.010698386,footprint_trend_nowcast,interpolated,2020-2025,GHS-BUILT-V R2023A,ghs_built_v_volume_share,modeled_trend_not_observed;no_dynamic_world_input;forecast_accuracy_unvalidated,2024-08-31,0.6666666666666666,full_footprint_fixed_height
KEN,2025,1364566460.59,0.9825158148552655,0.017484185144734484,1340708127.9507494,23858332.63925059,footprint_trend_nowcast,projected,,GHS-BUILT-V R2023A,ghs_built_v_volume_share,modeled_trend_not_observed;no_dynamic_world_input;forecast_accuracy_unvalidated,2025-08-31,1.6666666666666663,full_footprint_fixed_height
KEN,2026,1407715397.53,0.9826509679572479,0.01734903204275204,1383292897.9911766,24422499.538823392,footprint_trend_nowcast,interpolated,2025-2030,GHS-BUILT-V R2023A,ghs_built_v_volume_share,modeled_trend_not_observed;no_dynamic_world_input;forecast_accuracy_unvalidated,2026-08-31,2.6666666666666665,full_footprint_fixed_height
KGZ,2020,332236534.37,0.9656767238599895,0.0343232761400105,320833088.0570184,11403446.3129816,observed_2.5d,historical_estimated,,GHS-BUILT-V R2023A,ghs_built_v_volume_share,none,2020-12-31,0.0,observed_input_imputation
KGZ,2023,366574260.6,0.9661263498185995,0.03387365018140055,354157052.33093005,12417208.269069964,observed_2.5d,interpolated,2020-2025,GHS-BUILT-V R2023A,ghs_built_v_volume_share,none,2023-12-31,0.0,observed_input_imputation
KGZ,2024,374674465.12,0.966276225138136,0.0337237748618639,362039027.8118038,12635437.308196157,footprint_trend_nowcast,interpolated,2020-2025,GHS-BUILT-V R2023A,ghs_built_v_volume_share,modeled_trend_not_observed;no_dynamic_world_input;forecast_accuracy_unvalidated,2024-08-31,0.6666666666666666,full_footprint_fixed_height
KGZ,2025,387161611.71,0.9664261004576727,0.03357389954232725,374163086.6518029,12998525.05819705,footprint_trend_nowcast,projected,,GHS-BUILT-V R2023A,ghs_built_v_volume_share,modeled_trend_not_observed;no_dynamic_world_input;forecast_accuracy_unvalidated,2025-08-31,1.6666666666666663,full_footprint_fixed_height
KGZ,2026,400064929.78,0.9664186360293057,0.03358136397069427,386630203.7611475,13434726.018852424,footprint_trend_nowcast,interpolated,2025-2030,GHS-BUILT-V R2023A,ghs_built_v_volume_share,modeled_trend_not_observed;no_dynamic_world_input;forecast_accuracy_unvalidated,2026-08-31,2.6666666666666665,full_footprint_fixed_height
KHM,2020,672933221.83,0.9544421166402461,0.0455578833597539,642275808.6009655,30657413.22903454,observed_2.5d,historical_estimated,,GHS-BUILT-V R2023A,ghs_built_v_volume_share,none,2020-12-31,0.0,observed_input_imputation
KHM,2023,785745718.18,0.9532847021363956,0.04671529786360436,749039372.9101695,36706345.26983042,observed_2.5d,interpolated,2020-2025,GHS-BUILT-V R2023A,ghs_built_v_volume_share,none,2023-12-31,0.0,observed_input_imputation
KHM,2024,813279476.43,0.9528988973017788,0.04710110269822118,774973116.2883149,38306360.14168498,footprint_trend_nowcast,interpolated,2020-2025,GHS-BUILT-V R2023A,ghs_built_v_volume_share,modeled_trend_not_observed;no_dynamic_world_input;forecast_accuracy_unvalidated,2024-08-31,0.6666666666666666,full_footprint_fixed_height
KHM,2025,856399681.95,0.952513092467162,0.047486907532838,815731909.4420885,40667772.507911526,footprint_trend_nowcast,projected,,GHS-BUILT-V R2023A,ghs_built_v_volume_share,modeled_trend_not_observed;no_dynamic_world_input;forecast_accuracy_unvalidated,2025-08-31,1.6666666666666663,full_footprint_fixed_height
KHM,2026,901806127.53,0.9521519786747085,0.04784802132529154,858656488.708666,43149638.82133402,footprint_trend_nowcast,interpolated,2025-2030,GHS-BUILT-V R2023A,ghs_built_v_volume_share,modeled_trend_not_observed;no_dynamic_world_input;forecast_accuracy_unvalidated,2026-08-31,2.6666666666666665,full_footprint_fixed_height
KIR,2020,1721739.67,0.952542811116873,0.04745718888312699,1640030.7452732371,81708.92472676274,observed_2.5d,historical_estimated,,GHS-BUILT-V R2023A,ghs_built_v_volume_share,none,2020-12-31,0.0,observed_input_imputation
KIR,2023,1863230.46,0.952542811116873,0.04745718888312699,1774806.7801269845,88423.67987301559,observed_2.5d,interpolated,2020-2025,GHS-BUILT-V R2023A,ghs_built_v_volume_share,none,2023-12-31,0.0,observed_input_imputation
KIR,2024,1896219.44,0.952542811116873,0.04745718888312699,1806230.1958720626,89989.24412793729,footprint_trend_nowcast,interpolated,2020-2025,GHS-BUILT-V R2023A,ghs_built_v_volume_share,modeled_trend_not_observed;no_dynamic_world_input;forecast_accuracy_unvalidated,2024-08-31,0.6666666666666666,full_footprint_fixed_height
KIR,2025,1946801.29,0.952542811116873,0.04745718888312699,1854411.5734625547,92389.71653744529,footprint_trend_nowcast,projected,,GHS-BUILT-V R2023A,ghs_built_v_volume_share,modeled_trend_not_observed;no_dynamic_world_input;forecast_accuracy_unvalidated,2025-08-31,1.6666666666666663,full_footprint_fixed_height
KIR,2026,1998732.41,0.9525583031225572,0.04744169687744277,1903909.1528656592,94823.25713434066,footprint_trend_nowcast,interpolated,2025-2030,GHS-BUILT-V R2023A,ghs_built_v_volume_share,modeled_trend_not_observed;no_dynamic_world_input;forecast_accuracy_unvalidated,2026-08-31,2.6666666666666665,full_footprint_fixed_height
KNA,2020,4523960.76,0.916417792580976,0.08358220741902402,4145838.1334021543,378122.6265978455,observed_2.5d,historical_estimated,,GHS-BUILT-V R2023A,ghs_built_v_volume_share,none,2020-12-31,0.0,observed_input_imputation
KNA,2023,4708557.36,0.9169653196297674,0.08303468037023268,4317583.804607494,390973.55539250665,observed_2.5d,interpolated,2020-2025,GHS-BUILT-V R2023A,ghs_built_v_volume_share,none,2023-12-31,0.0,observed_input_imputation
KNA,2024,4750591.1,0.9171478286460311,0.0828521713539689,4356994.31215016,393596.78784983954,footprint_trend_nowcast,interpolated,2020-2025,GHS-BUILT-V R2023A,ghs_built_v_volume_share,modeled_trend_not_observed;no_dynamic_world_input;forecast_accuracy_unvalidated,2024-08-31,0.6666666666666666,full_footprint_fixed_height
KNA,2025,4814346.34,0.9173303376622949,0.08266966233770512,4416345.953695433,398000.38630456646,footprint_trend_nowcast,projected,,GHS-BUILT-V R2023A,ghs_built_v_volume_share,modeled_trend_not_observed;no_dynamic_world_input;forecast_accuracy_unvalidated,2025-08-31,1.6666666666666663,full_footprint_fixed_height
KNA,2026,4878957.2,0.9171772164539754,0.08282278354602454,4474868.383894082,404088.81610591797,footprint_trend_nowcast,interpolated,2025-2030,GHS-BUILT-V R2023A,ghs_built_v_volume_share,modeled_trend_not_observed;no_dynamic_world_input;forecast_accuracy_unvalidated,2026-08-31,2.6666666666666665,full_footprint_fixed_height
KOR,2020,2947698717.33,0.8658375829859709,0.13416241701402912,2552228332.783854,395470384.5461462,observed_2.5d,historical_estimated,,GHS-BUILT-V R2023A,ghs_built_v_volume_share,none,2020-12-31,0.0,observed_input_imputation
KOR,2023,3031441837.9,0.8653172076705383,0.1346827923294617,2623158786.387273,408283051.51272744,observed_2.5d,interpolated,2020-2025,GHS-BUILT-V R2023A,ghs_built_v_volume_share,none,2023-12-31,0.0,observed_input_imputation
KOR,2024,3053672331.8,0.8651437492320607,0.13485625076793925,2641865530.0596614,411806801.7403386,footprint_trend_nowcast,interpolated,2020-2025,GHS-BUILT-V R2023A,ghs_built_v_volume_share,modeled_trend_not_observed;no_dynamic_world_input;forecast_accuracy_unvalidated,2024-08-31,0.6666666666666666,full_footprint_fixed_height
KOR,2025,3087324114.11,0.8649702907935832,0.13502970920641677,2670443636.755769,416880477.3542316,footprint_trend_nowcast,projected,,GHS-BUILT-V R2023A,ghs_built_v_volume_share,modeled_trend_not_observed;no_dynamic_world_input;forecast_accuracy_unvalidated,2025-08-31,1.6666666666666663,full_footprint_fixed_height
KOR,2026,3121346742.51,0.8647430996501911,0.13525690034980886,2699163057.2011247,422183685.3088756,footprint_trend_nowcast,interpolated,2025-2030,GHS-BUILT-V R2023A,ghs_built_v_volume_share,modeled_trend_not_observed;no_dynamic_world_input;forecast_accuracy_unvalidated,2026-08-31,2.6666666666666665,full_footprint_fixed_height
KWT,2020,155594647.52,0.8965311100326054,0.10346888996739455,139495442.05623758,16099205.46376242,observed_2.5d,historical_estimated,,GHS-BUILT-V R2023A,ghs_built_v_volume_share,none,2020-12-31,0.0,observed_input_imputation
KWT,2023,179904165.87,0.8965175480109937,0.1034824519890063,161287241.6627355,18616924.2072645,observed_2.5d,interpolated,2020-2025,GHS-BUILT-V R2023A,ghs_built_v_volume_share,none,2023-12-31,0.0,observed_input_imputation
KWT,2024,186206203.64,0.8965130273371231,0.10348697266287689,166936287.33424923,19269916.305750765,footprint_trend_nowcast,interpolated,2020-2025,GHS-BUILT-V R2023A,ghs_built_v_volume_share,modeled_trend_not_observed;no_dynamic_world_input;forecast_accuracy_unvalidated,2024-08-31,0.6666666666666666,full_footprint_fixed_height
KWT,2025,196075591.84,0.8965085066632525,0.10349149333674747,175783436.03359184,20292155.806408178,footprint_trend_nowcast,projected,,GHS-BUILT-V R2023A,ghs_built_v_volume_share,modeled_trend_not_observed;no_dynamic_world_input;forecast_accuracy_unvalidated,2025-08-31,1.6666666666666663,full_footprint_fixed_height
KWT,2026,206468081.95,0.8964902070604774,0.10350979293952259,185096613.53873512,21371468.41126488,footprint_trend_nowcast,interpolated,2025-2030,GHS-BUILT-V R2023A,ghs_built_v_volume_share,modeled_trend_not_observed;no_dynamic_world_input;forecast_accuracy_unvalidated,2026-08-31,2.6666666666666665,full_footprint_fixed_height
LAO,2020,333393295.19,0.9817622757430257,0.01823772425697438,327312960.2032007,6080334.986799283,observed_2.5d,historical_estimated,,GHS-BUILT-V R2023A,ghs_built_v_volume_share,none,2020-12-31,0.0,observed_input_imputation
LAO,2023,365029982.26,0.9815373354540626,0.018462664545937372,358290556.14832413,6739426.111675849,observed_2.5d,interpolated,2020-2025,GHS-BUILT-V R2023A,ghs_built_v_volume_share,none,2023-12-31,0.0,observed_input_imputation
LAO,2024,372458421.7,0.9814623553577416,0.01853764464225837,365553919.83450896,6904501.865491014,footprint_trend_nowcast,interpolated,2020-2025,GHS-BUILT-V R2023A,ghs_built_v_volume_share,modeled_trend_not_observed;no_dynamic_world_input;forecast_accuracy_unvalidated,2024-08-31,0.6666666666666666,full_footprint_fixed_height
LAO,2025,383885484.2,0.9813873752614206,0.01861262473857937,376740367.73999757,7145116.460002439,footprint_trend_nowcast,projected,,GHS-BUILT-V R2023A,ghs_built_v_volume_share,modeled_trend_not_observed;no_dynamic_world_input;forecast_accuracy_unvalidated,2025-08-31,1.6666666666666663,full_footprint_fixed_height
LAO,2026,395663130.15,0.981316305651346,0.01868369434865397,388270681.16124564,7392448.988754295,footprint_trend_nowcast,interpolated,2025-2030,GHS-BUILT-V R2023A,ghs_built_v_volume_share,modeled_trend_not_observed;no_dynamic_world_input;forecast_accuracy_unvalidated,2026-08-31,2.6666666666666665,full_footprint_fixed_height
LBN,2020,226725070.95,0.9781238904328308,0.021876109567169184,221765208.45627356,4959862.493726407,observed_2.5d,historical_estimated,,GHS-BUILT-V R2023A,ghs_built_v_volume_share,none,2020-12-31,0.0,observed_input_imputation
LBN,2023,231797059.14,0.9778297648792486,0.022170235120751478,226658063.83856747,5138995.301432535,observed_2.5d,interpolated,2020-2025,GHS-BUILT-V R2023A,ghs_built_v_volume_share,none,2023-12-31,0.0,observed_input_imputation
LBN,2024,233063693.04,0.9777317230280544,0.022268276971945576,227873766.17128077,5189926.868719224,footprint_trend_nowcast,interpolated,2020-2025,GHS-BUILT-V R2023A,ghs_built_v_volume_share,modeled_trend_not_observed;no_dynamic_world_input;forecast_accuracy_unvalidated,2024-08-31,0.6666666666666666,full_footprint_fixed_height
LBN,2025,234976633.35,0.9776336811768603,0.022366318823139674,229721071.0525059,5255562.297494095,footprint_trend_nowcast,projected,,GHS-BUILT-V R2023A,ghs_built_v_volume_share,modeled_trend_not_observed;no_dynamic_world_input;forecast_accuracy_unvalidated,2025-08-31,1.6666666666666663,full_footprint_fixed_height
LBN,2026,236905274.69,0.9775037873856393,0.02249621261436073,231575803.26111022,5329471.428889772,footprint_trend_nowcast,interpolated,2025-2030,GHS-BUILT-V R2023A,ghs_built_v_volume_share,modeled_trend_not_observed;no_dynamic_world_input;forecast_accuracy_unvalidated,2026-08-31,2.6666666666666665,full_footprint_fixed_height
LBR,2020,93713430.84,0.9786496036612231,0.02135039633877684,91712611.94929944,2000818.8907005528,observed_2.5d,historical_estimated,,GHS-BUILT-V R2023A,ghs_built_v_volume_share,none,2020-12-31,0.0,observed_input_imputation
LBR,2023,101961024.16,0.9786232725542516,0.021376727445748377,99781431.13644232,2179593.0235576853,observed_2.5d,interpolated,2020-2025,GHS-BUILT-V R2023A,ghs_built_v_volume_share,none,2023-12-31,0.0,observed_input_imputation
LBR,2024,103890230.95,0.9786144955185945,0.021385504481405557,101668485.95044452,2221744.9995554835,footprint_trend_nowcast,interpolated,2020-2025,GHS-BUILT-V R2023A,ghs_built_v_volume_share,modeled_trend_not_observed;no_dynamic_world_input;forecast_accuracy_unvalidated,2024-08-31,0.6666666666666666,full_footprint_fixed_height
LBR,2025,106852698.76,0.9786057184829373,0.021394281517062737,104566662.04187067,2286036.7181293406,footprint_trend_nowcast,projected,,GHS-BUILT-V R2023A,ghs_built_v_volume_share,modeled_trend_not_observed;no_dynamic_world_input;forecast_accuracy_unvalidated,2025-08-31,1.6666666666666663,full_footprint_fixed_height
LBR,2026,109899642.42,0.9786061913797257,0.021393808620274343,107548470.50262995,2351171.9173700637,footprint_trend_nowcast,interpolated,2025-2030,GHS-BUILT-V R2023A,ghs_built_v_volume_share,modeled_trend_not_observed;no_dynamic_world_input;forecast_accuracy_unvalidated,2026-08-31,2.6666666666666665,full_footprint_fixed_height
LBY,2020,523048577.3,0.960556620993763,0.03944337900623694,502417774.02688307,20630803.27311692,observed_2.5d,historical_estimated,,GHS-BUILT-V R2023A,ghs_built_v_volume_share,none,2020-12-31,0.0,observed_input_imputation
LBY,2023,562082814.83,0.9604040178184908,0.039595982181509205,539826593.7094588,22256221.12054122,observed_2.5d,interpolated,2020-2025,GHS-BUILT-V R2023A,ghs_built_v_volume_share,none,2023-12-31,0.0,observed_input_imputation
LBY,2024,571145280.23,0.9603531500934,0.03964684990659996,548501169.0298582,22644111.200141784,footprint_trend_nowcast,interpolated,2020-2025,GHS-BUILT-V R2023A,ghs_built_v_volume_share,modeled_trend_not_observed;no_dynamic_world_input;forecast_accuracy_unvalidated,2024-08-31,0.6666666666666666,full_footprint_fixed_height
LBY,2025,585013677.16,0.9603022823683093,0.039697717631690714,561789969.3934252,23223707.76657475,footprint_trend_nowcast,projected,,GHS-BUILT-V R2023A,ghs_built_v_volume_share,modeled_trend_not_observed;no_dynamic_world_input;forecast_accuracy_unvalidated,2025-08-31,1.6666666666666663,full_footprint_fixed_height
LBY,2026,599218822.8,0.9602389486257232,0.039761051374276817,575393252.4022155,23825570.397784475,footprint_trend_nowcast,interpolated,2025-2030,GHS-BUILT-V R2023A,ghs_built_v_volume_share,modeled_trend_not_observed;no_dynamic_world_input;forecast_accuracy_unvalidated,2026-08-31,2.6666666666666665,full_footprint_fixed_height
LCA,2020,10226894.6,0.9252549784812772,0.07474502151872275,9462485.14305329,764409.4569467095,observed_2.5d,historical_estimated,,GHS-BUILT-V R2023A,ghs_built_v_volume_share,none,2020-12-31,0.0,observed_input_imputation
LCA,2023,10636385.01,0.9261014138850447,0.07389858611495524,9850371.196386695,786013.813613304,observed_2.5d,interpolated,2020-2025,GHS-BUILT-V R2023A,ghs_built_v_volume_share,none,2023-12-31,0.0,observed_input_imputation
LCA,2024,10729586.81,0.926383559019634,0.07361644098036607,9939712.815857923,789873.9941420793,footprint_trend_nowcast,interpolated,2020-2025,GHS-BUILT-V R2023A,ghs_built_v_volume_share,modeled_trend_not_observed;no_dynamic_world_input;forecast_accuracy_unvalidated,2024-08-31,0.6666666666666666,full_footprint_fixed_height
LCA,2025,10870923.04,0.9266657041542231,0.0733342958457769,10073711.553667966,797211.4863320324,footprint_trend_nowcast,projected,,GHS-BUILT-V R2023A,ghs_built_v_volume_share,modeled_trend_not_observed;no_dynamic_world_input;forecast_accuracy_unvalidated,2025-08-31,1.6666666666666663,full_footprint_fixed_height
LCA,2026,11014121.02,0.9268582028703776,0.07314179712962242,10208528.41479405,805592.6052059499,footprint_trend_nowcast,interpolated,2025-2030,GHS-BUILT-V R2023A,ghs_built_v_volume_share,modeled_trend_not_observed;no_dynamic_world_input;forecast_accuracy_unvalidated,2026-08-31,2.6666666666666665,full_footprint_fixed_height
LIE,2020,3628695.83,0.7027500422925606,0.2972499577074395,2550066.1479993383,1078629.6820006622,observed_2.5d,historical_estimated,,GHS-BUILT-V R2023A,ghs_built_v_volume_share,none,2020-12-31,0.0,observed_input_imputation
LIE,2023,3716915.87,0.7068112993425227,0.2931887006574772,2627158.1356215435,1089757.7343784566,observed_2.5d,interpolated,2020-2025,GHS-BUILT-V R2023A,ghs_built_v_volume_share,none,2023-12-31,0.0,observed_input_imputation
LIE,2024,3741588.65,0.7081650516925102,0.2918349483074898,2649662.3197393594,1091926.3302606405,footprint_trend_nowcast,interpolated,2020-2025,GHS-BUILT-V R2023A,ghs_built_v_volume_share,modeled_trend_not_observed;no_dynamic_world_input;forecast_accuracy_unvalidated,2024-08-31,0.6666666666666666,full_footprint_fixed_height
LIE,2025,3778905.25,0.7095188040424976,0.2904811959575024,2681204.3335699155,1097700.9164300845,footprint_trend_nowcast,projected,,GHS-BUILT-V R2023A,ghs_built_v_volume_share,modeled_trend_not_observed;no_dynamic_world_input;forecast_accuracy_unvalidated,2025-08-31,1.6666666666666663,full_footprint_fixed_height
LIE,2026,3816594.02,0.7096602045451361,0.2903397954548638,2708484.8928989433,1108109.1271010565,footprint_trend_nowcast,interpolated,2025-2030,GHS-BUILT-V R2023A,ghs_built_v_volume_share,modeled_trend_not_observed;no_dynamic_world_input;forecast_accuracy_unvalidated,2026-08-31,2.6666666666666665,full_footprint_fixed_height
LKA,2020,899293602.29,0.9755694890242939,0.02443051097570619,877323400.0688719,21970202.2211282,observed_2.5d,historical_estimated,,GHS-BUILT-V R2023A,ghs_built_v_volume_share,none,2020-12-31,0.0,observed_input_imputation
LKA,2023,920328044.91,0.9762174676921476,0.02378253230785252,898440313.4481052,21887731.461894818,observed_2.5d,interpolated,2020-2025,GHS-BUILT-V R2023A,ghs_built_v_volume_share,none,2023-12-31,0.0,observed_input_imputation
LKA,2024,925068778.59,0.9764334605814321,0.023566539418567966,903268108.7544724,21800669.83552776,footprint_trend_nowcast,interpolated,2020-2025,GHS-BUILT-V R2023A,ghs_built_v_volume_share,modeled_trend_not_observed;no_dynamic_world_input;forecast_accuracy_unvalidated,2024-08-31,0.6666666666666666,full_footprint_fixed_height
LKA,2025,932225706.2,0.9766494534707166,0.02335054652928341,910457726.4715829,21767979.728417184,footprint_trend_nowcast,projected,,GHS-BUILT-V R2023A,ghs_built_v_volume_share,modeled_trend_not_observed;no_dynamic_world_input;forecast_accuracy_unvalidated,2025-08-31,1.6666666666666663,full_footprint_fixed_height
LKA,2026,939438004.4,0.976616957739253,0.023383042260746945,917471085.841763,21966918.558236975,footprint_trend_nowcast,interpolated,2025-2030,GHS-BUILT-V R2023A,ghs_built_v_volume_share,modeled_trend_not_observed;no_dynamic_world_input;forecast_accuracy_unvalidated,2026-08-31,2.6666666666666665,full_footprint_fixed_height
LSO,2020,60655167.15,0.9716028726232802,0.02839712737671982,58932734.642385215,1722432.5076147816,observed_2.5d,historical_estimated,,GHS-BUILT-V R2023A,ghs_built_v_volume_share,none,2020-12-31,0.0,observed_input_imputation
LSO,2023,65893565.87,0.972262036597999,0.027737963402000906,64065812.5514706,1827753.3185293959,observed_2.5d,interpolated,2020-2025,GHS-BUILT-V R2023A,ghs_built_v_volume_share,none,2023-12-31,0.0,observed_input_imputation
LSO,2024,67117767.23,0.9724817579229054,0.0275182420770946,65270804.26369078,1846962.9663092273,footprint_trend_nowcast,interpolated,2020-2025,GHS-BUILT-V R2023A,ghs_built_v_volume_share,modeled_trend_not_observed;no_dynamic_world_input;forecast_accuracy_unvalidated,2024-08-31,0.6666666666666666,full_footprint_fixed_height
LSO,2025,68996845.6,0.9727014792478117,0.027298520752188294,67113333.77855286,1883511.8214471315,footprint_trend_nowcast,projected,,GHS-BUILT-V R2023A,ghs_built_v_volume_share,modeled_trend_not_observed;no_dynamic_world_input;forecast_accuracy_unvalidated,2025-08-31,1.6666666666666663,full_footprint_fixed_height
LSO,2026,70928532.03,0.9726445911846524,0.02735540881534762,68988253.03964688,1940278.9903531282,footprint_trend_nowcast,interpolated,2025-2030,GHS-BUILT-V R2023A,ghs_built_v_volume_share,modeled_trend_not_observed;no_dynamic_world_input;forecast_accuracy_unvalidated,2026-08-31,2.6666666666666665,full_footprint_fixed_height
LTU,2020,269070067.62,0.8203427297781559,0.17965727022184408,220729673.77298382,48340393.8470162,observed_2.5d,historical_estimated,,GHS-BUILT-V R2023A,ghs_built_v_volume_share,none,2020-12-31,0.0,observed_input_imputation
LTU,2023,283025479.77,0.8207888521629539,0.17921114783704606,232304158.67328763,50721321.09671236,observed_2.5d,interpolated,2020-2025,GHS-BUILT-V R2023A,ghs_built_v_volume_share,none,2023-12-31,0.0,observed_input_imputation
LTU,2024,286223684.5,0.8209375596245533,0.17906244037544672,234971773.06017807,51251911.43982192,footprint_trend_nowcast,interpolated,2020-2025,GHS-BUILT-V R2023A,ghs_built_v_volume_share,modeled_trend_not_observed;no_dynamic_world_input;forecast_accuracy_unvalidated,2024-08-31,0.6666666666666666,full_footprint_fixed_height
LTU,2025,291088881.37,0.8210862670861526,0.17891373291384738,239009082.99437723,52079798.37562279,footprint_trend_nowcast,projected,,GHS-BUILT-V R2023A,ghs_built_v_volume_share,modeled_trend_not_observed;no_dynamic_world_input;forecast_accuracy_unvalidated,2025-08-31,1.6666666666666663,full_footprint_fixed_height
LTU,2026,296036776.28,0.8211752329408438,0.17882476705915618,243098068.72078544,52938707.559214525,footprint_trend_nowcast,interpolated,2025-2030,GHS-BUILT-V R2023A,ghs_built_v_volume_share,modeled_trend_not_observed;no_dynamic_world_input;forecast_accuracy_unvalidated,2026-08-31,2.6666666666666665,full_footprint_fixed_height
LUX,2020,49053600.56,0.6712084349715683,0.3287915650284316,32925190.46159805,16128410.098401949,observed_2.5d,historical_estimated,,GHS-BUILT-V R2023A,ghs_built_v_volume_share,none,2020-12-31,0.0,observed_input_imputation
LUX,2023,51981415.18,0.6711256403367467,0.3288743596632533,34886060.54828779,17095354.631712213,observed_2.5d,interpolated,2020-2025,GHS-BUILT-V R2023A,ghs_built_v_volume_share,none,2023-12-31,0.0,observed_input_imputation
LUX,2024,52532622.33,0.6710980421251395,0.32890195787486054,35254539.99336238,17278082.336637616,footprint_trend_nowcast,interpolated,2020-2025,GHS-BUILT-V R2023A,ghs_built_v_volume_share,modeled_trend_not_observed;no_dynamic_world_input;forecast_accuracy_unvalidated,2024-08-31,0.6666666666666666,full_footprint_fixed_height
LUX,2025,53370411.7,0.6710704439135322,0.3289295560864678,35815305.87136698,17555105.82863303,footprint_trend_nowcast,projected,,GHS-BUILT-V R2023A,ghs_built_v_volume_share,modeled_trend_not_observed;no_dynamic_world_input;forecast_accuracy_unvalidated,2025-08-31,1.6666666666666663,full_footprint_fixed_height
LUX,2026,54221562.12,0.6709890558895685,0.3290109441104316,36382074.77575639,17839487.344243612,footprint_trend_nowcast,interpolated,2025-2030,GHS-BUILT-V R2023A,ghs_built_v_volume_share,modeled_trend_not_observed;no_dynamic_world_input;forecast_accuracy_unvalidated,2026-08-31,2.6666666666666665,full_footprint_fixed_height
LVA,2020,145154805.19,0.7863354660492798,0.2136645339507202,114140371.38837107,31014433.80162893,observed_2.5d,historical_estimated,,GHS-BUILT-V R2023A,ghs_built_v_volume_share,none,2020-12-31,0.0,observed_input_imputation
LVA,2023,151349432.85,0.7864989660726398,0.21350103392736028,119036172.45220542,32313260.397794586,observed_2.5d,interpolated,2020-2025,GHS-BUILT-V R2023A,ghs_built_v_volume_share,none,2023-12-31,0.0,observed_input_imputation
LVA,2024,152761527.93,0.7865534660804264,0.21344653391957366,120155109.27708337,32606418.652916647,footprint_trend_nowcast,interpolated,2020-2025,GHS-BUILT-V R2023A,ghs_built_v_volume_share,modeled_trend_not_observed;no_dynamic_world_input;forecast_accuracy_unvalidated,2024-08-31,0.6666666666666666,full_footprint_fixed_height
LVA,2025,154904411.84,0.786607966088213,0.21339203391178702,121849044.3355533,33055367.504446704,footprint_trend_nowcast,projected,,GHS-BUILT-V R2023A,ghs_built_v_volume_share,modeled_trend_not_observed;no_dynamic_world_input;forecast_accuracy_unvalidated,2025-08-31,1.6666666666666663,full_footprint_fixed_height
LVA,2026,157077355.36,0.7867016800761517,0.21329831992384837,123573019.36363073,33504335.996369302,footprint_trend_nowcast,interpolated,2025-2030,GHS-BUILT-V R2023A,ghs_built_v_volume_share,modeled_trend_not_observed;no_dynamic_world_input;forecast_accuracy_unvalidated,2026-08-31,2.6666666666666665,full_footprint_fixed_height
MAR,2020,1247018524.7,0.8929664286741342,0.10703357132586577,1113545678.4918468,133472846.20815337,observed_2.5d,historical_estimated,,GHS-BUILT-V R2023A,ghs_built_v_volume_share,none,2020-12-31,0.0,observed_input_imputation
MAR,2023,1312940653.62,0.8919144243345528,0.10808557566544723,1171030707.2589138,141909946.36108625,observed_2.5d,interpolated,2020-2025,GHS-BUILT-V R2023A,ghs_built_v_volume_share,none,2023-12-31,0.0,observed_input_imputation
MAR,2024,1329877446.44,0.891563756221359,0.10843624377864104,1185670531.4621155,144206914.9778845,footprint_trend_nowcast,interpolated,2020-2025,GHS-BUILT-V R2023A,ghs_built_v_volume_share,modeled_trend_not_observed;no_dynamic_world_input;forecast_accuracy_unvalidated,2024-08-31,0.6666666666666666,full_footprint_fixed_height
MAR,2025,1355693170.24,0.8912130881081651,0.10878691189183486,1208211496.776739,147481673.46326116,footprint_trend_nowcast,projected,,GHS-BUILT-V R2023A,ghs_built_v_volume_share,modeled_trend_not_observed;no_dynamic_world_input;forecast_accuracy_unvalidated,2025-08-31,1.6666666666666663,full_footprint_fixed_height
MAR,2026,1382010031.65,0.8908286692441536,0.10917133075584638,1231134157.37684,150875874.2731599,footprint_trend_nowcast,interpolated,2025-2030,GHS-BUILT-V R2023A,ghs_built_v_volume_share,modeled_trend_not_observed;no_dynamic_world_input;forecast_accuracy_unvalidated,2026-08-31,2.6666666666666665,full_footprint_fixed_height
MCO,2020,1563267.79,0.8611423360586893,0.1388576639413107,1346196.0765659045,217071.71343409547,observed_2.5d,historical_estimated,,GHS-BUILT-V R2023A,ghs_built_v_volume_share,none,2020-12-31,0.0,observed_input_imputation
MCO,2023,1680821.43,0.8611423360586893,0.1388576639413107,1447426.4927277067,233394.93727229326,observed_2.5d,interpolated,2020-2025,GHS-BUILT-V R2023A,ghs_built_v_volume_share,none,2023-12-31,0.0,observed_input_imputation
MCO,2024,1680118.98,0.8611423360586893,0.1388576639413107,1446821.5832937423,233297.39670625768,footprint_trend_nowcast,interpolated,2020-2025,GHS-BUILT-V R2023A,ghs_built_v_volume_share,modeled_trend_not_observed;no_dynamic_world_input;forecast_accuracy_unvalidated,2024-08-31,0.6666666666666666,full_footprint_fixed_height
MCO,2025,1679065.86,0.8611423360586893,0.1388576639413107,1445914.6970767921,233151.16292320783,footprint_trend_nowcast,projected,,GHS-BUILT-V R2023A,ghs_built_v_volume_share,modeled_trend_not_observed;no_dynamic_world_input;forecast_accuracy_unvalidated,2025-08-31,1.6666666666666663,full_footprint_fixed_height
MCO,2026,1678013.39,0.8611423360586893,0.1388576639413107,1445008.3706023605,233005.0193976395,footprint_trend_nowcast,interpolated,2025-2030,GHS-BUILT-V R2023A,ghs_built_v_volume_share,modeled_trend_not_observed;no_dynamic_world_input;forecast_accuracy_unvalidated,2026-08-31,2.6666666666666665,full_footprint_fixed_height
MDA,2020,254566854.83,0.938489474079326,0.06151052592067397,238908313.70743486,15658541.122565163,observed_2.5d,historical_estimated,,GHS-BUILT-V R2023A,ghs_built_v_volume_share,none,2020-12-31,0.0,observed_input_imputation
MDA,2023,263817968.88,0.9386118916138174,0.06138810838618258,247622682.81217203,16195286.067827983,observed_2.5d,interpolated,2020-2025,GHS-BUILT-V R2023A,ghs_built_v_volume_share,none,2023-12-31,0.0,observed_input_imputation
MDA,2024,265919004.24,0.9386526974586479,0.06134730254135212,249605590.63539362,16313413.604606379,footprint_trend_nowcast,interpolated,2020-2025,GHS-BUILT-V R2023A,ghs_built_v_volume_share,modeled_trend_not_observed;no_dynamic_world_input;forecast_accuracy_unvalidated,2024-08-31,0.6666666666666666,full_footprint_fixed_height
MDA,2025,269101972.44,0.9386935033034783,0.06130649669652166,252604273.25557968,16497699.184420323,footprint_trend_nowcast,projected,,GHS-BUILT-V R2023A,ghs_built_v_volume_share,modeled_trend_not_observed;no_dynamic_world_input;forecast_accuracy_unvalidated,2025-08-31,1.6666666666666663,full_footprint_fixed_height
MDA,2026,272323039.78,0.9387231749671336,0.06127682503286639,255635948.51898262,16687091.261017373,footprint_trend_nowcast,interpolated,2025-2030,GHS-BUILT-V R2023A,ghs_built_v_volume_share,modeled_trend_not_observed;no_dynamic_world_input;forecast_accuracy_unvalidated,2026-08-31,2.6666666666666665,full_footprint_fixed_height
MDG,2020,360823089.8,0.9867932187589677,0.013206781241032297,356057778.1862981,4765311.613701953,observed_2.5d,historical_estimated,,GHS-BUILT-V R2023A,ghs_built_v_volume_share,none,2020-12-31,0.0,observed_input_imputation
MDG,2023,378018463.01,0.9874469073646339,0.01255309263536608,373273162.22595674,4745300.784043236,observed_2.5d,interpolated,2020-2025,GHS-BUILT-V R2023A,ghs_built_v_volume_share,none,2023-12-31,0.0,observed_input_imputation
MDG,2024,381949595.46,0.9876648035665226,0.012335196433477339,377238172.1723137,4711423.287686304,footprint_trend_nowcast,interpolated,2020-2025,GHS-BUILT-V R2023A,ghs_built_v_volume_share,modeled_trend_not_observed;no_dynamic_world_input;forecast_accuracy_unvalidated,2024-08-31,0.6666666666666666,full_footprint_fixed_height
MDG,2025,387923078.83,0.9878826997684114,0.0121173002315886,383222498.41705465,4700580.412945322,footprint_trend_nowcast,projected,,GHS-BUILT-V R2023A,ghs_built_v_volume_share,modeled_trend_not_observed;no_dynamic_world_input;forecast_accuracy_unvalidated,2025-08-31,1.6666666666666663,full_footprint_fixed_height
MDG,2026,393989984.23,0.9879780411670079,0.012021958832991996,389253452.85897577,4736531.371024226,footprint_trend_nowcast,interpolated,2025-2030,GHS-BUILT-V R2023A,ghs_built_v_volume_share,modeled_trend_not_observed;no_dynamic_world_input;forecast_accuracy_unvalidated,2026-08-31,2.6666666666666665,full_footprint_fixed_height
MDV,2020,2206666.83,0.992579817452923,0.0074201825470769705,2190292.9593008203,16373.870699179664,observed_2.5d,historical_estimated,,GHS-BUILT-V R2023A,ghs_built_v_volume_share,none,2020-12-31,0.0,observed_input_imputation
MDV,2023,2297643.44,0.992579817452923,0.0074201825470769705,2280594.506247106,17048.933752893892,observed_2.5d,interpolated,2020-2025,GHS-BUILT-V R2023A,ghs_built_v_volume_share,none,2023-12-31,0.0,observed_input_imputation
MDV,2024,2318364.48,0.992579817452923,0.0074201825470769705,2301161.792347741,17202.687652259177,footprint_trend_nowcast,interpolated,2020-2025,GHS-BUILT-V R2023A,ghs_built_v_volume_share,modeled_trend_not_observed;no_dynamic_world_input;forecast_accuracy_unvalidated,2024-08-31,0.6666666666666666,full_footprint_fixed_height
MDV,2025,2349796.96,0.992579817452923,0.0074201825470769705,2332361.0376082333,17435.922391766522,footprint_trend_nowcast,projected,,GHS-BUILT-V R2023A,ghs_built_v_volume_share,modeled_trend_not_observed;no_dynamic_world_input;forecast_accuracy_unvalidated,2025-08-31,1.6666666666666663,full_footprint_fixed_height
MDV,2026,2381655.6,0.9925926671244629,0.0074073328755370725,2364013.884175913,17641.715824086972,footprint_trend_nowcast,interpolated,2025-2030,GHS-BUILT-V R2023A,ghs_built_v_volume_share,modeled_trend_not_observed;no_dynamic_world_input;forecast_accuracy_unvalidated,2026-08-31,2.6666666666666665,full_footprint_fixed_height
MEX,2020,6345872319.04,0.9453080951400116,0.054691904859988434,5998804473.91343,347067845.12656987,observed_2.5d,historical_estimated,,GHS-BUILT-V R2023A,ghs_built_v_volume_share,none,2020-12-31,0.0,observed_input_imputation
MEX,2023,6761919820.05,0.9448173482489106,0.05518265175108937,6388779153.451392,373140666.5986081,observed_2.5d,interpolated,2020-2025,GHS-BUILT-V R2023A,ghs_built_v_volume_share,none,2023-12-31,0.0,observed_input_imputation
MEX,2024,6858017893.43,0.944653765951877,0.05534623404812302,6478452429.994008,379565463.4359924,footprint_trend_nowcast,interpolated,2020-2025,GHS-BUILT-V R2023A,ghs_built_v_volume_share,modeled_trend_not_observed;no_dynamic_world_input;forecast_accuracy_unvalidated,2024-08-31,0.6666666666666666,full_footprint_fixed_height
MEX,2025,7004731769.4,0.9444901836548434,0.055509816345156664,6615900395.333522,388831374.06647825,footprint_trend_nowcast,projected,,GHS-BUILT-V R2023A,ghs_built_v_volume_share,modeled_trend_not_observed;no_dynamic_world_input;forecast_accuracy_unvalidated,2025-08-31,1.6666666666666663,full_footprint_fixed_height
MEX,2026,7154584301.71,0.9443709118495236,0.05562908815047648,6756581300.91016,398003000.7998408,footprint_trend_nowcast,interpolated,2025-2030,GHS-BUILT-V R2023A,ghs_built_v_volume_share,modeled_trend_not_observed;no_dynamic_world_input;forecast_accuracy_unvalidated,2026-08-31,2.6666666666666665,full_footprint_fixed_height
MHL,2020,198896.74,0.9187399802198687,0.08126001978013135,182734.38697339635,16162.353026603641,observed_2.5d,historical_estimated,,GHS-BUILT-V R2023A,ghs_built_v_volume_share,none,2020-12-31,0.0,observed_input_imputation
MHL,2023,198378.32,0.905561202987774,0.09443879701222599,179643.71010589358,18734.609894106412,observed_2.5d,interpolated,2020-2025,GHS-BUILT-V R2023A,ghs_built_v_volume_share,none,2023-12-31,0.0,observed_input_imputation
MHL,2024,198263.3,0.9011682772437425,0.09883172275625754,178668.59650165928,19594.703498340714,footprint_trend_nowcast,interpolated,2020-2025,GHS-BUILT-V R2023A,ghs_built_v_volume_share,modeled_trend_not_observed;no_dynamic_world_input;forecast_accuracy_unvalidated,2024-08-31,0.6666666666666666,full_footprint_fixed_height
MHL,2025,198090.89,0.8967753514997109,0.10322464850028908,177643.02750864057,20447.86249135943,footprint_trend_nowcast,projected,,GHS-BUILT-V R2023A,ghs_built_v_volume_share,modeled_trend_not_observed;no_dynamic_world_input;forecast_accuracy_unvalidated,2025-08-31,1.6666666666666663,full_footprint_fixed_height
MHL,2026,197918.64,0.8942056621316259,0.10579433786837408,176979.9685293909,20938.6714706091,footprint_trend_nowcast,interpolated,2025-2030,GHS-BUILT-V R2023A,ghs_built_v_volume_share,modeled_trend_not_observed;no_dynamic_world_input;forecast_accuracy_unvalidated,2026-08-31,2.6666666666666665,full_footprint_fixed_height
MKD,2020,122189801.59,0.9061120211763828,0.0938879788236172,110717648.0858561,11472153.504143907,observed_2.5d,historical_estimated,,GHS-BUILT-V R2023A,ghs_built_v_volume_share,none,2020-12-31,0.0,observed_input_imputation
MKD,2023,129543726.26,0.9059649239345431,0.09403507606545687,117362072.10733818,12181654.152661823,observed_2.5d,interpolated,2020-2025,GHS-BUILT-V R2023A,ghs_built_v_volume_share,none,2023-12-31,0.0,observed_input_imputation
MKD,2024,131237123.24,0.9059158915205966,0.09408410847940343,118889795.500563,12347327.739436997,footprint_trend_nowcast,interpolated,2020-2025,GHS-BUILT-V R2023A,ghs_built_v_volume_share,modeled_trend_not_observed;no_dynamic_world_input;forecast_accuracy_unvalidated,2024-08-31,0.6666666666666666,full_footprint_fixed_height
MKD,2025,133818814.19,0.90586685910665,0.09413314089335,121222028.8996717,12596785.290328294,footprint_trend_nowcast,projected,,GHS-BUILT-V R2023A,ghs_built_v_volume_share,modeled_trend_not_observed;no_dynamic_world_input;forecast_accuracy_unvalidated,2025-08-31,1.6666666666666663,full_footprint_fixed_height
MKD,2026,136451292.04,0.9057704493612077,0.0942295506387923,123593548.10698818,12857743.933011817,footprint_trend_nowcast,interpolated,2025-2030,GHS-BUILT-V R2023A,ghs_built_v_volume_share,modeled_trend_not_observed;no_dynamic_world_input;forecast_accuracy_unvalidated,2026-08-31,2.6666666666666665,full_footprint_fixed_height
MLI,2020,323707340.75,0.9948835611051102,0.005116438894889781,322051111.92122537,1656228.8287746399,observed_2.5d,historical_estimated,,GHS-BUILT-V R2023A,ghs_built_v_volume_share,none,2020-12-31,0.0,observed_input_imputation
MLI,2023,362765496.2,0.9948693344664205,0.005130665533579557,360904267.7718748,1861228.4281252257,observed_2.5d,interpolated,2020-2025,GHS-BUILT-V R2023A,ghs_built_v_volume_share,none,2023-12-31,0.0,observed_input_imputation
MLI,2024,372066070.58,0.9948645922535239,0.005135407746476149,370155359.5989425,1910710.9810574735,footprint_trend_nowcast,interpolated,2020-2025,GHS-BUILT-V R2023A,ghs_built_v_volume_share,modeled_trend_not_observed;no_dynamic_world_input;forecast_accuracy_unvalidated,2024-08-31,0.6666666666666666,full_footprint_fixed_height
MLI,2025,386465926.36,0.9948598500406273,0.005140149959372741,384479433.5443217,1986492.815678303,footprint_trend_nowcast,projected,,GHS-BUILT-V R2023A,ghs_built_v_volume_share,modeled_trend_not_observed;no_dynamic_world_input;forecast_accuracy_unvalidated,2025-08-31,1.6666666666666663,full_footprint_fixed_height
MLI,2026,401423091.34,0.9948394056031198,0.005160594396880224,399351509.58405244,2071581.7559475424,footprint_trend_nowcast,interpolated,2025-2030,GHS-BUILT-V R2023A,ghs_built_v_volume_share,modeled_trend_not_observed;no_dynamic_world_input;forecast_accuracy_unvalidated,2026-08-31,2.6666666666666665,full_footprint_fixed_height
MLT,2020,35087387.83,0.8380553817814357,0.16194461821856432,29405174.20358395,5682213.62641605,observed_2.5d,historical_estimated,,GHS-BUILT-V R2023A,ghs_built_v_volume_share,none,2020-12-31,0.0,observed_input_imputation
MLT,2023,32991118.92,0.8380862936729007,0.16191370632709928,27649404.57978471,5341714.340215289,observed_2.5d,interpolated,2020-2025,GHS-BUILT-V R2023A,ghs_built_v_volume_share,none,2023-12-31,0.0,observed_input_imputation
MLT,2024,33038539.54,0.8380965976367224,0.1619034023632776,27689487.57936032,5349051.960639676,footprint_trend_nowcast,interpolated,2020-2025,GHS-BUILT-V R2023A,ghs_built_v_volume_share,modeled_trend_not_observed;no_dynamic_world_input;forecast_accuracy_unvalidated,2024-08-31,0.6666666666666666,full_footprint_fixed_height
MLT,2025,33109798.29,0.838106901600544,0.16189309839945593,27749550.45745089,5360247.832549107,footprint_trend_nowcast,projected,,GHS-BUILT-V R2023A,ghs_built_v_volume_share,modeled_trend_not_observed;no_dynamic_world_input;forecast_accuracy_unvalidated,2025-08-31,1.6666666666666663,full_footprint_fixed_height
MLT,2026,33181210.73,0.8379197747886366,0.1620802252113634,27803192.62209589,5378018.107904107,footprint_trend_nowcast,interpolated,2025-2030,GHS-BUILT-V R2023A,ghs_built_v_volume_share,modeled_trend_not_observed;no_dynamic_world_input;forecast_accuracy_unvalidated,2026-08-31,2.6666666666666665,full_footprint_fixed_height
MMR,2020,1377164281.68,0.9689128838602532,0.03108711613974681,1334352215.7119029,42812065.96809715,observed_2.5d,historical_estimated,,GHS-BUILT-V R2023A,ghs_built_v_volume_share,none,2020-12-31,0.0,observed_input_imputation
MMR,2023,1522255806.33,0.9684487728199139,0.031551227180086024,1474226767.558277,48029038.77172286,observed_2.5d,interpolated,2020-2025,GHS-BUILT-V R2023A,ghs_built_v_volume_share,none,2023-12-31,0.0,observed_input_imputation
MMR,2024,1556520072.83,0.9682940691398009,0.03170593086019909,1507169155.0183399,49350917.81166004,footprint_trend_nowcast,interpolated,2020-2025,GHS-BUILT-V R2023A,ghs_built_v_volume_share,modeled_trend_not_observed;no_dynamic_world_input;forecast_accuracy_unvalidated,2024-08-31,0.6666666666666666,full_footprint_fixed_height
MMR,2025,1609367976.36,0.9681393654596878,0.03186063454031216,1558092491.424312,51275484.9356877,footprint_trend_nowcast,projected,,GHS-BUILT-V R2023A,ghs_built_v_volume_share,modeled_trend_not_observed;no_dynamic_world_input;forecast_accuracy_unvalidated,2025-08-31,1.6666666666666663,full_footprint_fixed_height
MMR,2026,1664010203.62,0.968085326526259,0.03191467347374101,1610903861.3144944,53106342.30550559,footprint_trend_nowcast,interpolated,2025-2030,GHS-BUILT-V R2023A,ghs_built_v_volume_share,modeled_trend_not_observed;no_dynamic_world_input;forecast_accuracy_unvalidated,2026-08-31,2.6666666666666665,full_footprint_fixed_height
MNE,2020,39447648.86,0.886862495030567,0.11313750496943295,34984640.2910693,4463008.568930696,observed_2.5d,historical_estimated,,GHS-BUILT-V R2023A,ghs_built_v_volume_share,none,2020-12-31,0.0,observed_input_imputation
MNE,2023,42323390.44,0.8875986796876204,0.11240132031237957,37566185.47444765,4757204.965552343,observed_2.5d,interpolated,2020-2025,GHS-BUILT-V R2023A,ghs_built_v_volume_share,none,2023-12-31,0.0,observed_input_imputation
MNE,2024,42990392.72,0.8878440745733049,0.1121559254266951,38168765.44003134,4821627.279968656,footprint_trend_nowcast,interpolated,2020-2025,GHS-BUILT-V R2023A,ghs_built_v_volume_share,modeled_trend_not_observed;no_dynamic_world_input;forecast_accuracy_unvalidated,2024-08-31,0.6666666666666666,full_footprint_fixed_height
MNE,2025,44010657.3,0.8880894694589894,0.11191053054101063,39085401.292098396,4925256.007901602,footprint_trend_nowcast,projected,,GHS-BUILT-V R2023A,ghs_built_v_volume_share,modeled_trend_not_observed;no_dynamic_world_input;forecast_accuracy_unvalidated,2025-08-31,1.6666666666666663,full_footprint_fixed_height
MNE,2026,45055135.2,0.8881471279275897,0.11185287207241035,40015588.92626925,5039546.273730753,footprint_trend_nowcast,interpolated,2025-2030,GHS-BUILT-V R2023A,ghs_built_v_volume_share,modeled_trend_not_observed;no_dynamic_world_input;forecast_accuracy_unvalidated,2026-08-31,2.6666666666666665,full_footprint_fixed_height
MNG,2020,83342838.68,0.9521148384021897,0.04788516159781034,79351953.38178797,3990885.2982120384,observed_2.5d,historical_estimated,,GHS-BUILT-V R2023A,ghs_built_v_volume_share,none,2020-12-31,0.0,observed_input_imputation
MNG,2023,98082505.33,0.9517775005786946,0.04822249942130536,93352721.77348389,4729783.556516105,observed_2.5d,interpolated,2020-2025,GHS-BUILT-V R2023A,ghs_built_v_volume_share,none,2023-12-31,0.0,observed_input_imputation
MNG,2024,101255027.37,0.9516650546375296,0.04833494536247036,96360871.15439561,4894156.215604392,footprint_trend_nowcast,interpolated,2020-2025,GHS-BUILT-V R2023A,ghs_built_v_volume_share,modeled_trend_not_observed;no_dynamic_world_input;forecast_accuracy_unvalidated,2024-08-31,0.6666666666666666,full_footprint_fixed_height
MNG,2025,106207249.7,0.9515526086963646,0.04844739130363537,101061785.51450118,5145464.18549881,footprint_trend_nowcast,projected,,GHS-BUILT-V R2023A,ghs_built_v_volume_share,modeled_trend_not_observed;no_dynamic_world_input;forecast_accuracy_unvalidated,2025-08-31,1.6666666666666663,full_footprint_fixed_height
MNG,2026,111401677.35,0.9514630864835031,0.04853691351649684,105994583.77087036,5407093.579129634,footprint_trend_nowcast,interpolated,2025-2030,GHS-BUILT-V R2023A,ghs_built_v_volume_share,modeled_trend_not_observed;no_dynamic_world_input;forecast_accuracy_unvalidated,2026-08-31,2.6666666666666665,full_footprint_fixed_height
MOZ,2020,540811235.53,0.9889065426984238,0.011093457301576164,534811769.18043524,5999466.349564705,observed_2.5d,historical_estimated,,GHS-BUILT-V R2023A,ghs_built_v_volume_share,none,2020-12-31,0.0,observed_input_imputation
MOZ,2023,565747554.16,0.9893147147194952,0.01068528528050487,559702380.1470525,6045174.012947479,observed_2.5d,interpolated,2020-2025,GHS-BUILT-V R2023A,ghs_built_v_volume_share,none,2023-12-31,0.0,observed_input_imputation
MOZ,2024,571443273.5,0.9894507720598522,0.010549227940147773,565414988.1529843,6028285.347015706,footprint_trend_nowcast,interpolated,2020-2025,GHS-BUILT-V R2023A,ghs_built_v_volume_share,modeled_trend_not_observed;no_dynamic_world_input;forecast_accuracy_unvalidated,2024-08-31,0.6666666666666666,full_footprint_fixed_height
MOZ,2025,580094549.34,0.9895868294002094,0.010413170599790675,574053925.8337139,6040623.50628611,footprint_trend_nowcast,projected,,GHS-BUILT-V R2023A,ghs_built_v_volume_share,modeled_trend_not_observed;no_dynamic_world_input;forecast_accuracy_unvalidated,2025-08-31,1.6666666666666663,full_footprint_fixed_height
MOZ,2026,588876799.81,0.9896542944510355,0.010345705548964537,582784453.8345492,6092345.975450795,footprint_trend_nowcast,interpolated,2025-2030,GHS-BUILT-V R2023A,ghs_built_v_volume_share,modeled_trend_not_observed;no_dynamic_world_input;forecast_accuracy_unvalidated,2026-08-31,2.6666666666666665,full_footprint_fixed_height
MRT,2020,97384454.07,0.9924656480958945,0.0075343519041054414,96650725.32304741,733728.7469525733,observed_2.5d,historical_estimated,,GHS-BUILT-V R2023A,ghs_built_v_volume_share,none,2020-12-31,0.0,observed_input_imputation
MRT,2023,109421965.67,0.9922982827117214,0.007701717288278633,108579228.62528193,842737.0447180701,observed_2.5d,interpolated,2020-2025,GHS-BUILT-V R2023A,ghs_built_v_volume_share,none,2023-12-31,0.0,observed_input_imputation
MRT,2024,112292891.0,0.9922424942503303,0.0077575057496696975,111421778.25242047,871112.7475795327,footprint_trend_nowcast,interpolated,2020-2025,GHS-BUILT-V R2023A,ghs_built_v_volume_share,modeled_trend_not_observed;no_dynamic_world_input;forecast_accuracy_unvalidated,2024-08-31,0.6666666666666666,full_footprint_fixed_height
MRT,2025,116741129.0,0.9921867057889392,0.007813294211060761,115828996.2125916,912132.7874083975,footprint_trend_nowcast,projected,,GHS-BUILT-V R2023A,ghs_built_v_volume_share,modeled_trend_not_observed;no_dynamic_world_input;forecast_accuracy_unvalidated,2025-08-31,1.6666666666666663,full_footprint_fixed_height
MRT,2026,121365574.25,0.9921674856481025,0.007832514351897404,120414976.6478606,950597.6021393951,footprint_trend_nowcast,interpolated,2025-2030,GHS-BUILT-V R2023A,ghs_built_v_volume_share,modeled_trend_not_observed;no_dynamic_world_input;forecast_accuracy_unvalidated,2026-08-31,2.6666666666666665,full_footprint_fixed_height
MUS,2020,65152566.71,0.9509811129174166,0.049018887082583416,61958860.39930203,3193706.3106979732,observed_2.5d,historical_estimated,,GHS-BUILT-V R2023A,ghs_built_v_volume_share,none,2020-12-31,0.0,observed_input_imputation
MUS,2023,67601899.3,0.951363469316738,0.04863653068326196,64313977.45044876,3287921.849551235,observed_2.5d,interpolated,2020-2025,GHS-BUILT-V R2023A,ghs_built_v_volume_share,none,2023-12-31,0.0,observed_input_imputation
MUS,2024,68248847.24,0.9514909214498452,0.04850907855015481,64938158.54827732,3310688.6917226757,footprint_trend_nowcast,interpolated,2020-2025,GHS-BUILT-V R2023A,ghs_built_v_volume_share,modeled_trend_not_observed;no_dynamic_world_input;forecast_accuracy_unvalidated,2024-08-31,0.6666666666666666,full_footprint_fixed_height
MUS,2025,69230896.27,0.9516183735829523,0.04838162641704766,65881392.91014747,3349503.359852518,footprint_trend_nowcast,projected,,GHS-BUILT-V R2023A,ghs_built_v_volume_share,modeled_trend_not_observed;no_dynamic_world_input;forecast_accuracy_unvalidated,2025-08-31,1.6666666666666663,full_footprint_fixed_height
MUS,2026,70227076.23,0.9515503252337523,0.048449674766247675,66824597.22687202,3402479.0031279833,footprint_trend_nowcast,interpolated,2025-2030,GHS-BUILT-V R2023A,ghs_built_v_volume_share,modeled_trend_not_observed;no_dynamic_world_input;forecast_accuracy_unvalidated,2026-08-31,2.6666666666666665,full_footprint_fixed_height
MWI,2020,330771641.02,0.9905886023141257,0.009411397685874281,327658617.56315154,3113023.4568484663,observed_2.5d,historical_estimated,,GHS-BUILT-V R2023A,ghs_built_v_volume_share,none,2020-12-31,0.0,observed_input_imputation
MWI,2023,362398367.11,0.9911397577845403,0.008860242215459672,359187429.79891837,3210937.311081674,observed_2.5d,interpolated,2020-2025,GHS-BUILT-V R2023A,ghs_built_v_volume_share,none,2023-12-31,0.0,observed_input_imputation
MWI,2024,369827424.55,0.9913234762746785,0.00867652372532147,366618608.12661743,3208816.423382611,footprint_trend_nowcast,interpolated,2020-2025,GHS-BUILT-V R2023A,ghs_built_v_volume_share,modeled_trend_not_observed;no_dynamic_world_input;forecast_accuracy_unvalidated,2024-08-31,0.6666666666666666,full_footprint_fixed_height
MWI,2025,381257534.05,0.9915071947648167,0.008492805235183266,378019588.0688671,3237945.981132902,footprint_trend_nowcast,projected,,GHS-BUILT-V R2023A,ghs_built_v_volume_share,modeled_trend_not_observed;no_dynamic_world_input;forecast_accuracy_unvalidated,2025-08-31,1.6666666666666663,full_footprint_fixed_height
MWI,2026,393040909.41,0.9915773022487128,0.008422697751287242,389730444.6261485,3310464.7838515,footprint_trend_nowcast,interpolated,2025-2030,GHS-BUILT-V R2023A,ghs_built_v_volume_share,modeled_trend_not_observed;no_dynamic_world_input;forecast_accuracy_unvalidated,2026-08-31,2.6666666666666665,full_footprint_fixed_height
MYS,2020,2041076673.64,0.8340892812541278,0.16591071874587215,1702440175.7009537,338636497.9390463,observed_2.5d,historical_estimated,,GHS-BUILT-V R2023A,ghs_built_v_volume_share,none,2020-12-31,0.0,observed_input_imputation
MYS,2023,2142520176.68,0.8320093309957322,0.16799066900426785,1782596778.8443847,359923397.83561534,observed_2.5d,interpolated,2020-2025,GHS-BUILT-V R2023A,ghs_built_v_volume_share,none,2023-12-31,0.0,observed_input_imputation
MYS,2024,2170352370.16,0.8313160142429336,0.16868398575706642,1804248681.864115,366103688.2958847,footprint_trend_nowcast,interpolated,2020-2025,GHS-BUILT-V R2023A,ghs_built_v_volume_share,modeled_trend_not_observed;no_dynamic_world_input;forecast_accuracy_unvalidated,2024-08-31,0.6666666666666666,full_footprint_fixed_height
MYS,2025,2212780034.46,0.830622697490135,0.169377302509865,1837985321.175479,374794713.2845209,footprint_trend_nowcast,projected,,GHS-BUILT-V R2023A,ghs_built_v_volume_share,modeled_trend_not_observed;no_dynamic_world_input;forecast_accuracy_unvalidated,2025-08-31,1.6666666666666663,full_footprint_fixed_height
MYS,2026,2256037106.33,0.8303269157742548,0.16967308422574517,1873248332.3712633,382788773.9587365,footprint_trend_nowcast,interpolated,2025-2030,GHS-BUILT-V R2023A,ghs_built_v_volume_share,modeled_trend_not_observed;no_dynamic_world_input;forecast_accuracy_unvalidated,2026-08-31,2.6666666666666665,full_footprint_fixed_height
NAM,2020,112405609.31,0.9382288194579499,0.06177118054205011,105462182.12337284,6943427.186627159,observed_2.5d,historical_estimated,,GHS-BUILT-V R2023A,ghs_built_v_volume_share,none,2020-12-31,0.0,observed_input_imputation
NAM,2023,120928610.42,0.9409684071241962,0.0590315928758039,113790001.92264988,7138608.497350138,observed_2.5d,interpolated,2020-2025,GHS-BUILT-V R2023A,ghs_built_v_volume_share,none,2023-12-31,0.0,observed_input_imputation
NAM,2024,122908702.9,0.9418816030129449,0.05811839698705516,115765446.1116938,7143256.788306219,footprint_trend_nowcast,interpolated,2020-2025,GHS-BUILT-V R2023A,ghs_built_v_volume_share,modeled_trend_not_observed;no_dynamic_world_input;forecast_accuracy_unvalidated,2024-08-31,0.6666666666666666,full_footprint_fixed_height
NAM,2025,125939798.72,0.9427947989016936,0.05720520109830643,118735387.20794217,7204411.512057834,footprint_trend_nowcast,projected,,GHS-BUILT-V R2023A,ghs_built_v_volume_share,modeled_trend_not_observed;no_dynamic_world_input;forecast_accuracy_unvalidated,2025-08-31,1.6666666666666663,full_footprint_fixed_height
NAM,2026,129045645.49,0.9431411580668437,0.05685884193315628,121708259.53092197,7337385.959078032,footprint_trend_nowcast,interpolated,2025-2030,GHS-BUILT-V R2023A,ghs_built_v_volume_share,modeled_trend_not_observed;no_dynamic_world_input;forecast_accuracy_unvalidated,2026-08-31,2.6666666666666665,full_footprint_fixed_height
NER,2020,203236516.43,0.9963301485565751,0.0036698514434248875,202490668.60682273,745847.8231772814,observed_2.5d,historical_estimated,,GHS-BUILT-V R2023A,ghs_built_v_volume_share,none,2020-12-31,0.0,observed_input_imputation
NER,2023,212813754.93,0.9964675588290195,0.003532441170980505,212062002.8603343,751752.0696656874,observed_2.5d,interpolated,2020-2025,GHS-BUILT-V R2023A,ghs_built_v_volume_share,none,2023-12-31,0.0,observed_input_imputation
NER,2024,215002586.21,0.9965133622531676,0.003486637746832377,214252950.07725364,749636.1327463683,footprint_trend_nowcast,interpolated,2020-2025,GHS-BUILT-V R2023A,ghs_built_v_volume_share,modeled_trend_not_observed;no_dynamic_world_input;forecast_accuracy_unvalidated,2024-08-31,0.6666666666666666,full_footprint_fixed_height
NER,2025,218328116.45,0.9965591656773157,0.0034408343226842494,217576885.5733118,751230.8766881636,footprint_trend_nowcast,projected,,GHS-BUILT-V R2023A,ghs_built_v_volume_share,modeled_trend_not_observed;no_dynamic_world_input;forecast_accuracy_unvalidated,2025-08-31,1.6666666666666663,full_footprint_fixed_height
NER,2026,221705083.98,0.9965737304949868,0.0034262695050131724,220945462.6116529,759621.3683470584,footprint_trend_nowcast,interpolated,2025-2030,GHS-BUILT-V R2023A,ghs_built_v_volume_share,modeled_trend_not_observed;no_dynamic_world_input;forecast_accuracy_unvalidated,2026-08-31,2.6666666666666665,full_footprint_fixed_height
NGA,2020,4102804870.27,0.9877279103941528,0.01227208960584727,4052454881.26674,50349989.003260024,observed_2.5d,historical_estimated,,GHS-BUILT-V R2023A,ghs_built_v_volume_share,none,2020-12-31,0.0,observed_input_imputation
NGA,2023,4405456725.82,0.9878702621430347,0.012129737856965299,4352019690.595598,53437035.22440124,observed_2.5d,interpolated,2020-2025,GHS-BUILT-V R2023A,ghs_built_v_volume_share,none,2023-12-31,0.0,observed_input_imputation
NGA,2024,4475688426.33,0.9879177127259954,0.01208228727400464,4421611873.014143,54076553.315856814,footprint_trend_nowcast,interpolated,2020-2025,GHS-BUILT-V R2023A,ghs_built_v_volume_share,modeled_trend_not_observed;no_dynamic_world_input;forecast_accuracy_unvalidated,2024-08-31,0.6666666666666666,full_footprint_fixed_height
NGA,2025,4583140854.51,0.987965163308956,0.012034836691043984,4527983502.7939205,55157351.71607963,footprint_trend_nowcast,projected,,GHS-BUILT-V R2023A,ghs_built_v_volume_share,modeled_trend_not_observed;no_dynamic_world_input;forecast_accuracy_unvalidated,2025-08-31,1.6666666666666663,full_footprint_fixed_height
NGA,2026,4693173002.99,0.9879794609516684,0.012020539048331606,4636758533.646983,56414469.343017,footprint_trend_nowcast,interpolated,2025-2030,GHS-BUILT-V R2023A,ghs_built_v_volume_share,modeled_trend_not_observed;no_dynamic_world_input;forecast_accuracy_unvalidated,2026-08-31,2.6666666666666665,full_footprint_fixed_height
NIC,2020,201940338.65,0.9701749955743506,0.029825004425649417,195917467.15604663,6022871.493953392,observed_2.5d,historical_estimated,,GHS-BUILT-V R2023A,ghs_built_v_volume_share,none,2020-12-31,0.0,observed_input_imputation
NIC,2023,217312926.14,0.9704538099933666,0.029546190006633416,210892157.13337007,6420769.006629934,observed_2.5d,interpolated,2020-2025,GHS-BUILT-V R2023A,ghs_built_v_volume_share,none,2023-12-31,0.0,observed_input_imputation
NIC,2024,220884942.08,0.9705467481330385,0.029453251866961416,214379162.24729857,6505779.832701424,footprint_trend_nowcast,interpolated,2020-2025,GHS-BUILT-V R2023A,ghs_built_v_volume_share,modeled_trend_not_observed;no_dynamic_world_input;forecast_accuracy_unvalidated,2024-08-31,0.6666666666666666,full_footprint_fixed_height
NIC,2025,226353355.6,0.9706396862727106,0.029360313727289415,219707550.06635928,6645805.533640702,footprint_trend_nowcast,projected,,GHS-BUILT-V R2023A,ghs_built_v_volume_share,modeled_trend_not_observed;no_dynamic_world_input;forecast_accuracy_unvalidated,2025-08-31,1.6666666666666663,full_footprint_fixed_height
NIC,2026,231957149.76,0.9706281003135202,0.029371899686479786,225144127.6256875,6813022.134312488,footprint_trend_nowcast,interpolated,2025-2030,GHS-BUILT-V R2023A,ghs_built_v_volume_share,modeled_trend_not_observed;no_dynamic_world_input;forecast_accuracy_unvalidated,2026-08-31,2.6666666666666665,full_footprint_fixed_height
NLD,2020,1464947836.64,0.7013843474610244,0.29861565253897554,1027491482.4661858,437456354.1738142,observed_2.5d,historical_estimated,,GHS-BUILT-V R2023A,ghs_built_v_volume_share,none,2020-12-31,0.0,observed_input_imputation
NLD,2023,1530564080.43,0.7006960166956455,0.2993039833043545,1072460154.4547347,458103925.9752654,observed_2.5d,interpolated,2020-2025,GHS-BUILT-V R2023A,ghs_built_v_volume_share,none,2023-12-31,0.0,observed_input_imputation
NLD,2024,1544089425.07,0.7004665731071859,0.29953342689281415,1081583028.1498277,462506396.9201723,footprint_trend_nowcast,interpolated,2020-2025,GHS-BUILT-V R2023A,ghs_built_v_volume_share,modeled_trend_not_observed;no_dynamic_world_input;forecast_accuracy_unvalidated,2024-08-31,0.6666666666666666,full_footprint_fixed_height
NLD,2025,1564601874.1,0.7002371295187262,0.2997628704812738,1095592325.1594033,469009548.9405965,footprint_trend_nowcast,projected,,GHS-BUILT-V R2023A,ghs_built_v_volume_share,modeled_trend_not_observed;no_dynamic_world_input;forecast_accuracy_unvalidated,2025-08-31,1.6666666666666663,full_footprint_fixed_height
NLD,2026,1585386820.66,0.7002913883052534,0.2997086116947466,1110232737.6408432,475154083.0191569,footprint_trend_nowcast,interpolated,2025-2030,GHS-BUILT-V R2023A,ghs_built_v_volume_share,modeled_trend_not_observed;no_dynamic_world_input;forecast_accuracy_unvalidated,2026-08-31,2.6666666666666665,full_footprint_fixed_height
NOR,2020,478516256.61,0.6645131944740621,0.33548680552593785,317980366.28768116,160535890.32231885,observed_2.5d,historical_estimated,,GHS-BUILT-V R2023A,ghs_built_v_volume_share,none,2020-12-31,0.0,observed_input_imputation
NOR,2023,493284455.97,0.664509517001662,0.33549048299833795,327792215.58105236,165492240.38894767,observed_2.5d,interpolated,2020-2025,GHS-BUILT-V R2023A,ghs_built_v_volume_share,none,2023-12-31,0.0,observed_input_imputation
NOR,2024,496360177.04,0.6645082911775286,0.3354917088224713,329835453.05342597,166524723.986574,footprint_trend_nowcast,interpolated,2020-2025,GHS-BUILT-V R2023A,ghs_built_v_volume_share,modeled_trend_not_observed;no_dynamic_world_input;forecast_accuracy_unvalidated,2024-08-31,0.6666666666666666,full_footprint_fixed_height
NOR,2025,501009754.17,0.6645070653533953,0.3354929346466047,332924521.4569327,168085232.7130673,footprint_trend_nowcast,projected,,GHS-BUILT-V R2023A,ghs_built_v_volume_share,modeled_trend_not_observed;no_dynamic_world_input;forecast_accuracy_unvalidated,2025-08-31,1.6666666666666663,full_footprint_fixed_height
NOR,2026,505702885.49,0.6644702593004281,0.3355297406995719,336024527.45051503,169678358.039485,footprint_trend_nowcast,interpolated,2025-2030,GHS-BUILT-V R2023A,ghs_built_v_volume_share,modeled_trend_not_observed;no_dynamic_world_input;forecast_accuracy_unvalidated,2026-08-31,2.6666666666666665,full_footprint_fixed_height
NPL,2020,656084354.5,0.9844187620195933,0.015581237980406691,645861748.037314,10222606.462686008,observed_2.5d,historical_estimated,,GHS-BUILT-V R2023A,ghs_built_v_volume_share,none,2020-12-31,0.0,observed_input_imputation
NPL,2023,720562916.9,0.9845545560559731,0.015445443944026888,709433502.7588764,11129414.141123453,observed_2.5d,interpolated,2020-2025,GHS-BUILT-V R2023A,ghs_built_v_volume_share,none,2023-12-31,0.0,observed_input_imputation
NPL,2024,735731023.41,0.9845998207347664,0.01540017926523362,724400633.7584921,11330389.651507793,footprint_trend_nowcast,interpolated,2020-2025,GHS-BUILT-V R2023A,ghs_built_v_volume_share,modeled_trend_not_observed;no_dynamic_world_input;forecast_accuracy_unvalidated,2024-08-31,0.6666666666666666,full_footprint_fixed_height
NPL,2025,759083954.44,0.9846450854135597,0.015354914586440352,747428285.1556364,11655669.28436358,footprint_trend_nowcast,projected,,GHS-BUILT-V R2023A,ghs_built_v_volume_share,modeled_trend_not_observed;no_dynamic_world_input;forecast_accuracy_unvalidated,2025-08-31,1.6666666666666663,full_footprint_fixed_height
NPL,2026,783178133.79,0.9846181939247646,0.015381806075235455,771131439.6136774,12046694.176322587,footprint_trend_nowcast,interpolated,2025-2030,GHS-BUILT-V R2023A,ghs_built_v_volume_share,modeled_trend_not_observed;no_dynamic_world_input;forecast_accuracy_unvalidated,2026-08-31,2.6666666666666665,full_footprint_fixed_height
NRU,2020,405989.38,0.6228392766756103,0.3771607233243896,252866.13177717951,153123.24822282046,observed_2.5d,historical_estimated,,GHS-BUILT-V R2023A,ghs_built_v_volume_share,none,2020-12-31,0.0,observed_input_imputation
NRU,2023,440908.5,0.6215859009769344,0.37841409902306544,274062.5072208887,166845.99277911126,observed_2.5d,interpolated,2020-2025,GHS-BUILT-V R2023A,ghs_built_v_volume_share,none,2023-12-31,0.0,observed_input_imputation
NRU,2024,449067.41,0.6211681090773759,0.3788318909226241,278946.35391797463,170121.05608202532,footprint_trend_nowcast,interpolated,2020-2025,GHS-BUILT-V R2023A,ghs_built_v_volume_share,modeled_trend_not_observed;no_dynamic_world_input;forecast_accuracy_unvalidated,2024-08-31,0.6666666666666666,full_footprint_fixed_height
NRU,2025,461589.73,0.6207503171778173,0.3792496828221827,286531.971303523,175057.75869647693,footprint_trend_nowcast,projected,,GHS-BUILT-V R2023A,ghs_built_v_volume_share,modeled_trend_not_observed;no_dynamic_world_input;forecast_accuracy_unvalidated,2025-08-31,1.6666666666666663,full_footprint_fixed_height
NRU,2026,474461.24,0.6211403571047102,0.3788596428952898,294707.0240459436,179754.2159540564,footprint_trend_nowcast,interpolated,2025-2030,GHS-BUILT-V R2023A,ghs_built_v_volume_share,modeled_trend_not_observed;no_dynamic_world_input;forecast_accuracy_unvalidated,2026-08-31,2.6666666666666665,full_footprint_fixed_height
NZL,2020,553529463.79,0.9536251054499317,0.04637489455006832,527859593.27638286,25669870.513617106,observed_2.5d,historical_estimated,,GHS-BUILT-V R2023A,ghs_built_v_volume_share,none,2020-12-31,0.0,observed_input_imputation
NZL,2023,586222189.09,0.953799073102182,0.046200926897818045,559138180.5859741,27084008.50402596,observed_2.5d,interpolated,2020-2025,GHS-BUILT-V R2023A,ghs_built_v_volume_share,none,2023-12-31,0.0,observed_input_imputation
NZL,2024,593745547.99,0.9538570623195988,0.046142937680401286,566348384.1710818,27397163.81891828,footprint_trend_nowcast,interpolated,2020-2025,GHS-BUILT-V R2023A,ghs_built_v_volume_share,modeled_trend_not_observed;no_dynamic_world_input;forecast_accuracy_unvalidated,2024-08-31,0.6666666666666666,full_footprint_fixed_height
NZL,2025,605212007.96,0.9539150515370155,0.046084948462984526,577320843.7639841,27891164.196015984,footprint_trend_nowcast,projected,,GHS-BUILT-V R2023A,ghs_built_v_volume_share,modeled_trend_not_observed;no_dynamic_world_input;forecast_accuracy_unvalidated,2025-08-31,1.6666666666666663,full_footprint_fixed_height
NZL,2026,616899909.09,0.9539394327599364,0.04606056724006364,588485149.346971,28414759.74302909,footprint_trend_nowcast,interpolated,2025-2030,GHS-BUILT-V R2023A,ghs_built_v_volume_share,modeled_trend_not_observed;no_dynamic_world_input;forecast_accuracy_unvalidated,2026-08-31,2.6666666666666665,full_footprint_fixed_height
OMN,2020,262659820.85,0.9324371533709865,0.0675628466290135,244913775.65830728,17746045.191692714,observed_2.5d,historical_estimated,,GHS-BUILT-V R2023A,ghs_built_v_volume_share,none,2020-12-31,0.0,observed_input_imputation
OMN,2023,298636482.92,0.9327147777228123,0.06728522227718778,278542660.78665024,20093822.13334979,observed_2.5d,interpolated,2020-2025,GHS-BUILT-V R2023A,ghs_built_v_volume_share,none,2023-12-31,0.0,observed_input_imputation
OMN,2024,307278077.82,0.9328073191734209,0.0671926808265792,286631240.01203597,20646837.807964023,footprint_trend_nowcast,interpolated,2020-2025,GHS-BUILT-V R2023A,ghs_built_v_volume_share,modeled_trend_not_observed;no_dynamic_world_input;forecast_accuracy_unvalidated,2024-08-31,0.6666666666666666,full_footprint_fixed_height
OMN,2025,320711586.56,0.9328998606240294,0.06710013937597062,299191794.40233535,21519792.157664664,footprint_trend_nowcast,projected,,GHS-BUILT-V R2023A,ghs_built_v_volume_share,modeled_trend_not_observed;no_dynamic_world_input;forecast_accuracy_unvalidated,2025-08-31,1.6666666666666663,full_footprint_fixed_height
OMN,2026,334732378.2,0.9328743304742922,0.06712566952570777,312263243.2013926,22469134.998607427,footprint_trend_nowcast,interpolated,2025-2030,GHS-BUILT-V R2023A,ghs_built_v_volume_share,modeled_trend_not_observed;no_dynamic_world_input;forecast_accuracy_unvalidated,2026-08-31,2.6666666666666665,full_footprint_fixed_height
PAK,2020,4301390083.52,0.9806664727845402,0.019333527215459764,4218229041.2759576,83161042.24404268,observed_2.5d,historical_estimated,,GHS-BUILT-V R2023A,ghs_built_v_volume_share,none,2020-12-31,0.0,observed_input_imputation
PAK,2023,4562318910.21,0.9811516217939205,0.018848378206079482,4476326597.893613,85992312.31638646,observed_2.5d,interpolated,2020-2025,GHS-BUILT-V R2023A,ghs_built_v_volume_share,none,2023-12-31,0.0,observed_input_imputation
PAK,2024,4622419697.29,0.9813133381303806,0.01868666186961939,4536042103.387273,86377593.90272665,footprint_trend_nowcast,interpolated,2020-2025,GHS-BUILT-V R2023A,ghs_built_v_volume_share,modeled_trend_not_observed;no_dynamic_world_input;forecast_accuracy_unvalidated,2024-08-31,0.6666666666666666,full_footprint_fixed_height
PAK,2025,4714058617.29,0.9814750544668407,0.018524945533159295,4626730938.164582,87327679.12541747,footprint_trend_nowcast,projected,,GHS-BUILT-V R2023A,ghs_built_v_volume_share,modeled_trend_not_observed;no_dynamic_world_input;forecast_accuracy_unvalidated,2025-08-31,1.6666666666666663,full_footprint_fixed_height
PAK,2026,4807514267.96,0.9815165563200161,0.018483443679983936,4718654848.747442,88859419.21255787,footprint_trend_nowcast,interpolated,2025-2030,GHS-BUILT-V R2023A,ghs_built_v_volume_share,modeled_trend_not_observed;no_dynamic_world_input;forecast_accuracy_unvalidated,2026-08-31,2.6666666666666665,full_footprint_fixed_height
PAN,2020,209722829.78,0.9313856893534628,0.06861431064653722,195332842.38780424,14389987.392195769,observed_2.5d,historical_estimated,,GHS-BUILT-V R2023A,ghs_built_v_volume_share,none,2020-12-31,0.0,observed_input_imputation
PAN,2023,222615540.57,0.9316845534444689,0.0683154465555311,207407460.50575948,15208080.064240498,observed_2.5d,interpolated,2020-2025,GHS-BUILT-V R2023A,ghs_built_v_volume_share,none,2023-12-31,0.0,observed_input_imputation
PAN,2024,225586551.51,0.9317841748081376,0.0682158251918624,210197978.74655876,15388572.763441222,footprint_trend_nowcast,interpolated,2020-2025,GHS-BUILT-V R2023A,ghs_built_v_volume_share,modeled_trend_not_observed;no_dynamic_world_input;forecast_accuracy_unvalidated,2024-08-31,0.6666666666666666,full_footprint_fixed_height
PAN,2025,230117578.44,0.9318837961718063,0.06811620382819368,214442842.5625306,15674735.877469387,footprint_trend_nowcast,projected,,GHS-BUILT-V R2023A,ghs_built_v_volume_share,modeled_trend_not_observed;no_dynamic_world_input;forecast_accuracy_unvalidated,2025-08-31,1.6666666666666663,full_footprint_fixed_height
PAN,2026,234739613.48,0.9318207043398387,0.06817929566016136,218735231.96939507,16004381.510604918,footprint_trend_nowcast,interpolated,2025-2030,GHS-BUILT-V R2023A,ghs_built_v_volume_share,modeled_trend_not_observed;no_dynamic_world_input;forecast_accuracy_unvalidated,2026-08-31,2.6666666666666665,full_footprint_fixed_height
PER,2020,1228349086.86,0.9695641852343775,0.030435814765622533,1190963281.5848074,37385805.27519254,observed_2.5d,historical_estimated,,GHS-BUILT-V R2023A,ghs_built_v_volume_share,none,2020-12-31,0.0,observed_input_imputation
PER,2023,1316509778.75,0.9693218879835956,0.030678112016404382,1276121744.286816,40388034.46318425,observed_2.5d,interpolated,2020-2025,GHS-BUILT-V R2023A,ghs_built_v_volume_share,none,2023-12-31,0.0,observed_input_imputation
PER,2024,1336944827.35,0.969241122233335,0.030758877766664996,1295821904.8247662,41122922.525233686,footprint_trend_nowcast,interpolated,2020-2025,GHS-BUILT-V R2023A,ghs_built_v_volume_share,modeled_trend_not_observed;no_dynamic_world_input;forecast_accuracy_unvalidated,2024-08-31,0.6666666666666666,full_footprint_fixed_height
PER,2025,1368193677.8,0.9691603564830744,0.030839643516925613,1325999072.5145366,42194605.28546338,footprint_trend_nowcast,projected,,GHS-BUILT-V R2023A,ghs_built_v_volume_share,modeled_trend_not_observed;no_dynamic_world_input;forecast_accuracy_unvalidated,2025-08-31,1.6666666666666663,full_footprint_fixed_height
PER,2026,1400172917.88,0.9691476973224302,0.03085230267756983,1356974359.2166302,43198558.663369894,footprint_trend_nowcast,interpolated,2025-2030,GHS-BUILT-V R2023A,ghs_built_v_volume_share,modeled_trend_not_observed;no_dynamic_world_input;forecast_accuracy_unvalidated,2026-08-31,2.6666666666666665,full_footprint_fixed_height
PHL,2020,2290609295.4,0.9063317734343863,0.09366822656561367,2076051984.945172,214557310.4548279,observed_2.5d,historical_estimated,,GHS-BUILT-V R2023A,ghs_built_v_volume_share,none,2020-12-31,0.0,observed_input_imputation
PHL,2023,2486971631.0,0.9081922465651406,0.09180775343485933,2258648352.701662,228323278.29833797,observed_2.5d,interpolated,2020-2025,GHS-BUILT-V R2023A,ghs_built_v_volume_share,none,2023-12-31,0.0,observed_input_imputation
PHL,2024,2532844731.01,0.9088124042753921,0.09118759572460788,2301880709.6454573,230964021.3645431,footprint_trend_nowcast,interpolated,2020-2025,GHS-BUILT-V R2023A,ghs_built_v_volume_share,modeled_trend_not_observed;no_dynamic_world_input;forecast_accuracy_unvalidated,2024-08-31,0.6666666666666666,full_footprint_fixed_height
PHL,2025,2603245771.09,0.9094325619856436,0.09056743801435643,2367476471.0806713,235769300.0093291,footprint_trend_nowcast,projected,,GHS-BUILT-V R2023A,ghs_built_v_volume_share,modeled_trend_not_observed;no_dynamic_world_input;forecast_accuracy_unvalidated,2025-08-31,1.6666666666666663,full_footprint_fixed_height
PHL,2026,2675603625.33,0.909408670668282,0.09059132933171805,2433217136.146591,242386489.1834088,footprint_trend_nowcast,interpolated,2025-2030,GHS-BUILT-V R2023A,ghs_built_v_volume_share,modeled_trend_not_observed;no_dynamic_world_input;forecast_accuracy_unvalidated,2026-08-31,2.6666666666666665,full_footprint_fixed_height
PLW,2020,1152226.26,0.9833588757689662,0.016641124231033845,1133051.9196650805,19174.340334919503,observed_2.5d,historical_estimated,,GHS-BUILT-V R2023A,ghs_built_v_volume_share,none,2020-12-31,0.0,observed_input_imputation
PLW,2023,1223947.84,0.983386534662198,0.016613465337801923,1203613.8249848825,20334.015015117537,observed_2.5d,interpolated,2020-2025,GHS-BUILT-V R2023A,ghs_built_v_volume_share,none,2023-12-31,0.0,observed_input_imputation
PLW,2024,1240482.72,0.9833957542932754,0.016604245706724613,1219885.4401221739,20597.27987782607,footprint_trend_nowcast,interpolated,2020-2025,GHS-BUILT-V R2023A,ghs_built_v_volume_share,modeled_trend_not_observed;no_dynamic_world_input;forecast_accuracy_unvalidated,2024-08-31,0.6666666666666666,full_footprint_fixed_height
PLW,2025,1265704.82,0.9834049739243527,0.016595026075647307,1244700.4155080277,21004.40449197248,footprint_trend_nowcast,projected,,GHS-BUILT-V R2023A,ghs_built_v_volume_share,modeled_trend_not_observed;no_dynamic_world_input;forecast_accuracy_unvalidated,2025-08-31,1.6666666666666663,full_footprint_fixed_height
PLW,2026,1291439.74,0.9834180596003591,0.016581940399640817,1270025.1632015922,21414.576798407634,footprint_trend_nowcast,interpolated,2025-2030,GHS-BUILT-V R2023A,ghs_built_v_volume_share,modeled_trend_not_observed;no_dynamic_world_input;forecast_accuracy_unvalidated,2026-08-31,2.6666666666666665,full_footprint_fixed_height
PNG,2020,111325792.03,0.9447878350136242,0.055212164986375795,105179254.03320068,6146537.99679932,observed_2.5d,historical_estimated,,GHS-BUILT-V R2023A,ghs_built_v_volume_share,none,2020-12-31,0.0,observed_input_imputation
PNG,2023,111337527.52,0.9463715557585919,0.053628444241408085,105366669.13341743,5970858.386582558,observed_2.5d,interpolated,2020-2025,GHS-BUILT-V R2023A,ghs_built_v_volume_share,none,2023-12-31,0.0,observed_input_imputation
PNG,2024,111340135.57,0.9468994626735812,0.053100537326418853,105427914.54523668,5912221.024763321,footprint_trend_nowcast,interpolated,2020-2025,GHS-BUILT-V R2023A,ghs_built_v_volume_share,modeled_trend_not_observed;no_dynamic_world_input;forecast_accuracy_unvalidated,2024-08-31,0.6666666666666666,full_footprint_fixed_height
PNG,2025,111344047.77,0.9474273695885704,0.052572630411429615,105490398.29807523,5853649.471924773,footprint_trend_nowcast,projected,,GHS-BUILT-V R2023A,ghs_built_v_volume_share,modeled_trend_not_observed;no_dynamic_world_input;forecast_accuracy_unvalidated,2025-08-31,1.6666666666666663,full_footprint_fixed_height
PNG,2026,111347960.11,0.9476448032863175,0.05235519671368256,105518315.75477368,5829644.355226329,footprint_trend_nowcast,interpolated,2025-2030,GHS-BUILT-V R2023A,ghs_built_v_volume_share,modeled_trend_not_observed;no_dynamic_world_input;forecast_accuracy_unvalidated,2026-08-31,2.6666666666666665,full_footprint_fixed_height
POL,2020,2573023573.53,0.8155627069653937,0.18443729303460638,2098462070.7138977,474561502.8161027,observed_2.5d,historical_estimated,,GHS-BUILT-V R2023A,ghs_built_v_volume_share,none,2020-12-31,0.0,observed_input_imputation
POL,2023,2780706970.7,0.8155989312516068,0.18440106874839327,2267941633.4268126,512765337.27318704,observed_2.5d,interpolated,2020-2025,GHS-BUILT-V R2023A,ghs_built_v_volume_share,none,2023-12-31,0.0,observed_input_imputation
POL,2024,2829089333.06,0.8156110060136778,0.18438899398632225,2307436397.0396314,521652936.02036875,footprint_trend_nowcast,interpolated,2020-2025,GHS-BUILT-V R2023A,ghs_built_v_volume_share,modeled_trend_not_observed;no_dynamic_world_input;forecast_accuracy_unvalidated,2024-08-31,0.6666666666666666,full_footprint_fixed_height
POL,2025,2903245855.23,0.8156230807757487,0.1843769192242512,2367954328.6921163,535291526.5378838,footprint_trend_nowcast,projected,,GHS-BUILT-V R2023A,ghs_built_v_volume_share,modeled_trend_not_observed;no_dynamic_world_input;forecast_accuracy_unvalidated,2025-08-31,1.6666666666666663,full_footprint_fixed_height
POL,2026,2979346179.49,0.815671185189853,0.1843288148101469,2430166829.315469,549179350.1745309,footprint_trend_nowcast,interpolated,2025-2030,GHS-BUILT-V R2023A,ghs_built_v_volume_share,modeled_trend_not_observed;no_dynamic_world_input;forecast_accuracy_unvalidated,2026-08-31,2.6666666666666665,full_footprint_fixed_height
PRK,2020,469713807.49,0.920059176218169,0.07994082378183101,432164498.777549,37549308.71245099,observed_2.5d,historical_estimated,,GHS-BUILT-V R2023A,ghs_built_v_volume_share,none,2020-12-31,0.0,observed_input_imputation
PRK,2023,479546992.76,0.9202835382483939,0.07971646175160603,441319203.25354975,38227789.506450236,observed_2.5d,interpolated,2020-2025,GHS-BUILT-V R2023A,ghs_built_v_volume_share,none,2023-12-31,0.0,observed_input_imputation
PRK,2024,481954673.9,0.9203583255918023,0.0796416744081977,443570996.6817471,38383677.21825289,footprint_trend_nowcast,interpolated,2020-2025,GHS-BUILT-V R2023A,ghs_built_v_volume_share,modeled_trend_not_observed;no_dynamic_world_input;forecast_accuracy_unvalidated,2024-08-31,0.6666666666666666,full_footprint_fixed_height
PRK,2025,485588880.21,0.9204331129352106,0.07956688706478937,446952084.6184133,38636795.591586605,footprint_trend_nowcast,projected,,GHS-BUILT-V R2023A,ghs_built_v_volume_share,modeled_trend_not_observed;no_dynamic_world_input;forecast_accuracy_unvalidated,2025-08-31,1.6666666666666663,full_footprint_fixed_height
PRK,2026,489250490.45,0.9204620748195086,0.0795379251804914,450336521.54606915,38913968.90393082,footprint_trend_nowcast,interpolated,2025-2030,GHS-BUILT-V R2023A,ghs_built_v_volume_share,modeled_trend_not_observed;no_dynamic_world_input;forecast_accuracy_unvalidated,2026-08-31,2.6666666666666665,full_footprint_fixed_height
PRT,2020,1019333626.31,0.8247759552965984,0.17522404470340155,840721865.405776,178611760.90422386,observed_2.5d,historical_estimated,,GHS-BUILT-V R2023A,ghs_built_v_volume_share,none,2020-12-31,0.0,observed_input_imputation
PRT,2023,1065083013.16,0.8243082302752197,0.17569176972478026,877956693.6741182,187126319.4858818,observed_2.5d,interpolated,2020-2025,GHS-BUILT-V R2023A,ghs_built_v_volume_share,none,2023-12-31,0.0,observed_input_imputation
PRT,2024,1075525206.46,0.8241523219347602,0.17584767806523982,886396596.2033714,189128610.2566287,footprint_trend_nowcast,interpolated,2020-2025,GHS-BUILT-V R2023A,ghs_built_v_volume_share,modeled_trend_not_observed;no_dynamic_world_input;forecast_accuracy_unvalidated,2024-08-31,0.6666666666666666,full_footprint_fixed_height
PRT,2025,1091380765.5,0.8239964135943006,0.17600358640569938,899293836.6378025,192086928.86219758,footprint_trend_nowcast,projected,,GHS-BUILT-V R2023A,ghs_built_v_volume_share,modeled_trend_not_observed;no_dynamic_world_input;forecast_accuracy_unvalidated,2025-08-31,1.6666666666666663,full_footprint_fixed_height
PRT,2026,1107470069.64,0.8239155666719221,0.1760844333280779,912461829.9996338,195008239.6403664,footprint_trend_nowcast,interpolated,2025-2030,GHS-BUILT-V R2023A,ghs_built_v_volume_share,modeled_trend_not_observed;no_dynamic_world_input;forecast_accuracy_unvalidated,2026-08-31,2.6666666666666665,full_footprint_fixed_height
PRY,2020,336793873.45,0.9514950503177206,0.048504949682279364,320457703.56500775,16336169.884992214,observed_2.5d,historical_estimated,,GHS-BUILT-V R2023A,ghs_built_v_volume_share,none,2020-12-31,0.0,observed_input_imputation
PRY,2023,370085965.65,0.9504713237496543,0.04952867625034574,351756097.6725246,18329867.977475423,observed_2.5d,interpolated,2020-2025,GHS-BUILT-V R2023A,ghs_built_v_volume_share,none,2023-12-31,0.0,observed_input_imputation
PRY,2024,377920147.82,0.9501300815602989,0.0498699184397012,359073300.8714968,18846846.94850322,footprint_trend_nowcast,interpolated,2020-2025,GHS-BUILT-V R2023A,ghs_built_v_volume_share,modeled_trend_not_observed;no_dynamic_world_input;forecast_accuracy_unvalidated,2024-08-31,0.6666666666666666,full_footprint_fixed_height
PRY,2025,389983461.95,0.9497888393709434,0.05021116062905666,370401939.6993529,19581522.250647053,footprint_trend_nowcast,projected,,GHS-BUILT-V R2023A,ghs_built_v_volume_share,modeled_trend_not_observed;no_dynamic_world_input;forecast_accuracy_unvalidated,2025-08-31,1.6666666666666663,full_footprint_fixed_height
PRY,2026,402431840.37,0.9495723483533851,0.050427651646614884,382138147.7123155,20293692.65768449,footprint_trend_nowcast,interpolated,2025-2030,GHS-BUILT-V R2023A,ghs_built_v_volume_share,modeled_trend_not_observed;no_dynamic_world_input;forecast_accuracy_unvalidated,2026-08-31,2.6666666666666665,full_footprint_fixed_height
QAT,2020,137316242.8,0.7892343338297474,0.21076566617025264,108374693.41026185,28941549.38973816,observed_2.5d,historical_estimated,,GHS-BUILT-V R2023A,ghs_built_v_volume_share,none,2020-12-31,0.0,observed_input_imputation
QAT,2023,153362683.68,0.7864228259478848,0.2135771740521152,120607915.09457716,32754768.58542285,observed_2.5d,interpolated,2020-2025,GHS-BUILT-V R2023A,ghs_built_v_volume_share,none,2023-12-31,0.0,observed_input_imputation
QAT,2024,157056286.28,0.7854856566539306,0.2145143433460694,123365460.1602735,33690826.11972649,footprint_trend_nowcast,interpolated,2020-2025,GHS-BUILT-V R2023A,ghs_built_v_volume_share,modeled_trend_not_observed;no_dynamic_world_input;forecast_accuracy_unvalidated,2024-08-31,0.6666666666666666,full_footprint_fixed_height
QAT,2025,162764152.27,0.7845484873599764,0.21545151264002357,127696369.45985737,35067782.81014263,footprint_trend_nowcast,projected,,GHS-BUILT-V R2023A,ghs_built_v_volume_share,modeled_trend_not_observed;no_dynamic_world_input;forecast_accuracy_unvalidated,2025-08-31,1.6666666666666663,full_footprint_fixed_height
QAT,2026,168679458.11,0.7841901296862643,0.21580987031373564,132276766.13068971,36402691.979310304,footprint_trend_nowcast,interpolated,2025-2030,GHS-BUILT-V R2023A,ghs_built_v_volume_share,modeled_trend_not_observed;no_dynamic_world_input;forecast_accuracy_unvalidated,2026-08-31,2.6666666666666665,full_footprint_fixed_height
ROU,2020,1451492077.99,0.886506985199226,0.11349301480077406,1286757866.0994747,164734211.89052537,observed_2.5d,historical_estimated,,GHS-BUILT-V R2023A,ghs_built_v_volume_share,none,2020-12-31,0.0,observed_input_imputation
ROU,2023,1553477966.83,0.8867193892012479,0.11328061079875211,1377499033.885094,175978932.94490597,observed_2.5d,interpolated,2020-2025,GHS-BUILT-V R2023A,ghs_built_v_volume_share,none,2023-12-31,0.0,observed_input_imputation
ROU,2024,1577097438.82,0.8867901905352552,0.11320980946474479,1398554538.2638507,178542900.5561492,footprint_trend_nowcast,interpolated,2020-2025,GHS-BUILT-V R2023A,ghs_built_v_volume_share,modeled_trend_not_observed;no_dynamic_world_input;forecast_accuracy_unvalidated,2024-08-31,0.6666666666666666,full_footprint_fixed_height
ROU,2025,1613201693.17,0.8868609918692625,0.11313900813073748,1430685653.68992,182516039.4800801,footprint_trend_nowcast,projected,,GHS-BUILT-V R2023A,ghs_built_v_volume_share,modeled_trend_not_observed;no_dynamic_world_input;forecast_accuracy_unvalidated,2025-08-31,1.6666666666666663,full_footprint_fixed_height
ROU,2026,1650132476.78,0.8869057813440676,0.11309421865593235,1463512033.6397874,186620443.14021254,footprint_trend_nowcast,interpolated,2025-2030,GHS-BUILT-V R2023A,ghs_built_v_volume_share,modeled_trend_not_observed;no_dynamic_world_input;forecast_accuracy_unvalidated,2026-08-31,2.6666666666666665,full_footprint_fixed_height
RUS,2020,7767687345.91,0.8464928054631078,0.15350719453689227,6575291453.399637,1192395892.5103626,observed_2.5d,historical_estimated,,GHS-BUILT-V R2023A,ghs_built_v_volume_share,none,2020-12-31,0.0,observed_input_imputation
RUS,2023,8278547550.03,0.8461567182587799,0.1538432817412201,7004948626.8826475,1273598923.1473527,observed_2.5d,interpolated,2020-2025,GHS-BUILT-V R2023A,ghs_built_v_volume_share,none,2023-12-31,0.0,observed_input_imputation
RUS,2024,8385816017.31,0.8460446891906706,0.1539553108093294,7094775105.975186,1291040911.3348138,footprint_trend_nowcast,interpolated,2020-2025,GHS-BUILT-V R2023A,ghs_built_v_volume_share,modeled_trend_not_observed;no_dynamic_world_input;forecast_accuracy_unvalidated,2024-08-31,0.6666666666666666,full_footprint_fixed_height
RUS,2025,8549330438.4,0.8459326601225613,0.15406733987743867,7232157840.022495,1317172598.3775046,footprint_trend_nowcast,projected,,GHS-BUILT-V R2023A,ghs_built_v_volume_share,modeled_trend_not_observed;no_dynamic_world_input;forecast_accuracy_unvalidated,2025-08-31,1.6666666666666663,full_footprint_fixed_height
RUS,2026,8716033215.37,0.8458245677932027,0.15417543220679727,7372235027.26153,1343798188.108471,footprint_trend_nowcast,interpolated,2025-2030,GHS-BUILT-V R2023A,ghs_built_v_volume_share,modeled_trend_not_observed;no_dynamic_world_input;forecast_accuracy_unvalidated,2026-08-31,2.6666666666666665,full_footprint_fixed_height
RWA,2020,244877324.63,0.9953178911407321,0.00468210885926786,243730782.33891606,1146542.2910839347,observed_2.5d,historical_estimated,,GHS-BUILT-V R2023A,ghs_built_v_volume_share,none,2020-12-31,0.0,observed_input_imputation
RWA,2023,277734072.08,0.9953404232484492,0.004659576751550844,276439948.8546225,1294123.2253775143,observed_2.5d,interpolated,2020-2025,GHS-BUILT-V R2023A,ghs_built_v_volume_share,none,2023-12-31,0.0,observed_input_imputation
RWA,2024,285614600.06,0.9953479339510215,0.004652066048978504,284285902.0759683,1328697.9840316998,footprint_trend_nowcast,interpolated,2020-2025,GHS-BUILT-V R2023A,ghs_built_v_volume_share,modeled_trend_not_observed;no_dynamic_world_input;forecast_accuracy_unvalidated,2024-08-31,0.6666666666666666,full_footprint_fixed_height
RWA,2025,297856627.08,0.9953554446535938,0.004644555346406166,296473215.49023306,1383411.5897669215,footprint_trend_nowcast,projected,,GHS-BUILT-V R2023A,ghs_built_v_volume_share,modeled_trend_not_observed;no_dynamic_world_input;forecast_accuracy_unvalidated,2025-08-31,1.6666666666666663,full_footprint_fixed_height
RWA,2026,310623372.48,0.9953450032385304,0.0046549967614696154,309177421.6870688,1445950.7929311702,footprint_trend_nowcast,interpolated,2025-2030,GHS-BUILT-V R2023A,ghs_built_v_volume_share,modeled_trend_not_observed;no_dynamic_world_input;forecast_accuracy_unvalidated,2026-08-31,2.6666666666666665,full_footprint_fixed_height
SAU,2020,1911722272.93,0.9188982182078745,0.08110178179212546,1756678190.3036852,155044082.62631497,observed_2.5d,historical_estimated,,GHS-BUILT-V R2023A,ghs_built_v_volume_share,none,2020-12-31,0.0,observed_input_imputation
SAU,2023,2104707626.12,0.9183626650978399,0.0816373349021601,1932884904.7753112,171822721.3446888,observed_2.5d,interpolated,2020-2025,GHS-BUILT-V R2023A,ghs_built_v_volume_share,none,2023-12-31,0.0,observed_input_imputation
SAU,2024,2149396243.82,0.918184147394495,0.08181585260550497,1973541557.5447972,175854686.27520317,footprint_trend_nowcast,interpolated,2020-2025,GHS-BUILT-V R2023A,ghs_built_v_volume_share,modeled_trend_not_observed;no_dynamic_world_input;forecast_accuracy_unvalidated,2024-08-31,0.6666666666666666,full_footprint_fixed_height
SAU,2025,2218214561.88,0.9180056296911502,0.08199437030884986,2036333455.6687284,181881106.21127188,footprint_trend_nowcast,projected,,GHS-BUILT-V R2023A,ghs_built_v_volume_share,modeled_trend_not_observed;no_dynamic_world_input;forecast_accuracy_unvalidated,2025-08-31,1.6666666666666663,full_footprint_fixed_height
SAU,2026,2289236271.2,0.9178035481716457,0.0821964518283544,2101069172.3105876,188167098.88941243,footprint_trend_nowcast,interpolated,2025-2030,GHS-BUILT-V R2023A,ghs_built_v_volume_share,modeled_trend_not_observed;no_dynamic_world_input;forecast_accuracy_unvalidated,2026-08-31,2.6666666666666665,full_footprint_fixed_height
SDN,2020,751311239.6,0.9929643470506908,0.007035652949309182,746025274.4612591,5285965.138740878,observed_2.5d,historical_estimated,,GHS-BUILT-V R2023A,ghs_built_v_volume_share,none,2020-12-31,0.0,observed_input_imputation
SDN,2023,780315352.63,0.9929096116800502,0.0070903883199497945,774782613.7678348,5532738.862165257,observed_2.5d,interpolated,2020-2025,GHS-BUILT-V R2023A,ghs_built_v_volume_share,none,2023-12-31,0.0,observed_input_imputation
SDN,2024,786911271.95,0.9928913665565033,0.007108633443496665,781317408.1651518,5593863.78484827,footprint_trend_nowcast,interpolated,2020-2025,GHS-BUILT-V R2023A,ghs_built_v_volume_share,modeled_trend_not_observed;no_dynamic_world_input;forecast_accuracy_unvalidated,2024-08-31,0.6666666666666666,full_footprint_fixed_height
SDN,2025,796909837.89,0.9928731214329565,0.007126878567043536,791230358.2464756,5679479.6435243795,footprint_trend_nowcast,projected,,GHS-BUILT-V R2023A,ghs_built_v_volume_share,modeled_trend_not_observed;no_dynamic_world_input;forecast_accuracy_unvalidated,2025-08-31,1.6666666666666663,full_footprint_fixed_height
SDN,2026,807035446.51,0.9928555950186876,0.0071444049813124706,801269658.4458582,5765788.064141777,footprint_trend_nowcast,interpolated,2025-2030,GHS-BUILT-V R2023A,ghs_built_v_volume_share,modeled_trend_not_observed;no_dynamic_world_input;forecast_accuracy_unvalidated,2026-08-31,2.6666666666666665,full_footprint_fixed_height
SEN,2020,305052833.69,0.9848913875566133,0.015108612443386644,300443908.6510209,4608925.038979091,observed_2.5d,historical_estimated,,GHS-BUILT-V R2023A,ghs_built_v_volume_share,none,2020-12-31,0.0,observed_input_imputation
SEN,2023,335964506.02,0.9849246889698032,0.015075311030196707,330899736.5966421,5064769.423357894,observed_2.5d,interpolated,2020-2025,GHS-BUILT-V R2023A,ghs_built_v_volume_share,none,2023-12-31,0.0,observed_input_imputation
SEN,2024,343248448.42,0.9849357894408666,0.015064210559133396,338077681.5189053,5170766.901094719,footprint_trend_nowcast,interpolated,2020-2025,GHS-BUILT-V R2023A,ghs_built_v_volume_share,modeled_trend_not_observed;no_dynamic_world_input;forecast_accuracy_unvalidated,2024-08-31,0.6666666666666666,full_footprint_fixed_height
SEN,2025,354471530.76,0.9849468899119299,0.015053110088070084,349135631.784383,5335898.975617001,footprint_trend_nowcast,projected,,GHS-BUILT-V R2023A,ghs_built_v_volume_share,modeled_trend_not_observed;no_dynamic_world_input;forecast_accuracy_unvalidated,2025-08-31,1.6666666666666663,full_footprint_fixed_height
SEN,2026,366061570.57,0.9849438859904232,0.015056114009576804,360550105.8289733,5511464.741026664,footprint_trend_nowcast,interpolated,2025-2030,GHS-BUILT-V R2023A,ghs_built_v_volume_share,modeled_trend_not_observed;no_dynamic_world_input;forecast_accuracy_unvalidated,2026-08-31,2.6666666666666665,full_footprint_fixed_height
SGP,2020,194662203.04,0.7531496666945293,0.24685033330547065,146609773.33759877,48052429.7024012,observed_2.5d,historical_estimated,,GHS-BUILT-V R2023A,ghs_built_v_volume_share,none,2020-12-31,0.0,observed_input_imputation
SGP,2023,213019503.2,0.7518171229374425,0.2481828770625575,160151710.02538732,52867793.17461267,observed_2.5d,interpolated,2020-2025,GHS-BUILT-V R2023A,ghs_built_v_volume_share,none,2023-12-31,0.0,observed_input_imputation
SGP,2024,214073637.62,0.7513729416850802,0.2486270583149198,160849138.83576524,53224498.78423475,footprint_trend_nowcast,interpolated,2020-2025,GHS-BUILT-V R2023A,ghs_built_v_volume_share,modeled_trend_not_observed;no_dynamic_world_input;forecast_accuracy_unvalidated,2024-08-31,0.6666666666666666,full_footprint_fixed_height
SGP,2025,215664628.11,0.750928760432718,0.24907123956728208,161948771.8558254,53715856.25417461,footprint_trend_nowcast,projected,,GHS-BUILT-V R2023A,ghs_built_v_volume_share,modeled_trend_not_observed;no_dynamic_world_input;forecast_accuracy_unvalidated,2025-08-31,1.6666666666666663,full_footprint_fixed_height
SGP,2026,217267442.81,0.7506237463291082,0.24937625367089178,163086101.87738746,54181340.93261253,footprint_trend_nowcast,interpolated,2025-2030,GHS-BUILT-V R2023A,ghs_built_v_volume_share,modeled_trend_not_observed;no_dynamic_world_input;forecast_accuracy_unvalidated,2026-08-31,2.6666666666666665,full_footprint_fixed_height
SLB,2020,14438629.19,0.9555651402263678,0.04443485977363213,13797050.726618877,641578.4633811216,observed_2.5d,historical_estimated,,GHS-BUILT-V R2023A,ghs_built_v_volume_share,none,2020-12-31,0.0,observed_input_imputation
SLB,2023,14566828.58,0.9558833562889473,0.04411664371105271,13924188.99353616,642639.5864638399,observed_2.5d,interpolated,2020-2025,GHS-BUILT-V R2023A,ghs_built_v_volume_share,none,2023-12-31,0.0,observed_input_imputation
SLB,2024,14595471.56,0.9559894283098072,0.0440105716901929,13953116.51255645,642355.0474435516,footprint_trend_nowcast,interpolated,2020-2025,GHS-BUILT-V R2023A,ghs_built_v_volume_share,modeled_trend_not_observed;no_dynamic_world_input;forecast_accuracy_unvalidated,2024-08-31,0.6666666666666666,full_footprint_fixed_height
SLB,2025,14638541.66,0.9560955003306669,0.043904499669333096,13995843.812529013,642697.8474709888,footprint_trend_nowcast,projected,,GHS-BUILT-V R2023A,ghs_built_v_volume_share,modeled_trend_not_observed;no_dynamic_world_input;forecast_accuracy_unvalidated,2025-08-31,1.6666666666666663,full_footprint_fixed_height
SLB,2026,14681738.87,0.9561090174120329,0.0438909825879671,14037342.92489575,644395.9451042498,footprint_trend_nowcast,interpolated,2025-2030,GHS-BUILT-V R2023A,ghs_built_v_volume_share,modeled_trend_not_observed;no_dynamic_world_input;forecast_accuracy_unvalidated,2026-08-31,2.6666666666666665,full_footprint_fixed_height
SLE,2020,115259924.95,0.9919737310142779,0.008026268985722075,114334817.78907716,925107.160922839,observed_2.5d,historical_estimated,,GHS-BUILT-V R2023A,ghs_built_v_volume_share,none,2020-12-31,0.0,observed_input_imputation
SLE,2023,120733489.63,0.9919177792376306,0.008082220762369358,119757694.9133991,975794.7166008916,observed_2.5d,interpolated,2020-2025,GHS-BUILT-V R2023A,ghs_built_v_volume_share,none,2023-12-31,0.0,observed_input_imputation
SLE,2024,121984711.27,0.9918991286454149,0.008100871354585119,120996528.81677552,988182.4532244795,footprint_trend_nowcast,interpolated,2020-2025,GHS-BUILT-V R2023A,ghs_built_v_volume_share,modeled_trend_not_observed;no_dynamic_world_input;forecast_accuracy_unvalidated,2024-08-31,0.6666666666666666,full_footprint_fixed_height
SLE,2025,123885898.87,0.9918804780531991,0.00811952194680088,122880004.59522589,1005894.2747741194,footprint_trend_nowcast,projected,,GHS-BUILT-V R2023A,ghs_built_v_volume_share,modeled_trend_not_observed;no_dynamic_world_input;forecast_accuracy_unvalidated,2025-08-31,1.6666666666666663,full_footprint_fixed_height
SLE,2026,125816717.35,0.9918751738204025,0.008124826179597498,124794478.3910437,1022238.9589562988,footprint_trend_nowcast,interpolated,2025-2030,GHS-BUILT-V R2023A,ghs_built_v_volume_share,modeled_trend_not_observed;no_dynamic_world_input;forecast_accuracy_unvalidated,2026-08-31,2.6666666666666665,full_footprint_fixed_height
SLV,2020,245414047.01,0.9669234304800792,0.033076569519920766,237296592.22290862,8117454.787091368,observed_2.5d,historical_estimated,,GHS-BUILT-V R2023A,ghs_built_v_volume_share,none,2020-12-31,0.0,observed_input_imputation
SLV,2023,261944365.07,0.9671504167100764,0.03284958328992361,253339601.83230686,8604763.237693122,observed_2.5d,interpolated,2020-2025,GHS-BUILT-V R2023A,ghs_built_v_volume_share,none,2023-12-31,0.0,observed_input_imputation
SLV,2024,265766411.36,0.967226078786742,0.03277392121325789,257056203.93295708,8710207.427042926,footprint_trend_nowcast,interpolated,2020-2025,GHS-BUILT-V R2023A,ghs_built_v_volume_share,modeled_trend_not_observed;no_dynamic_world_input;forecast_accuracy_unvalidated,2024-08-31,0.6666666666666666,full_footprint_fixed_height
SLV,2025,271604299.08,0.9673017408634078,0.03269825913659217,262723311.32606965,8880987.753930321,footprint_trend_nowcast,projected,,GHS-BUILT-V R2023A,ghs_built_v_volume_share,modeled_trend_not_observed;no_dynamic_world_input;forecast_accuracy_unvalidated,2025-08-31,1.6666666666666663,full_footprint_fixed_height
SLV,2026,277570423.22,0.9673010410289756,0.032698958971024386,268494159.3395594,9076263.880440656,footprint_trend_nowcast,interpolated,2025-2030,GHS-BUILT-V R2023A,ghs_built_v_volume_share,modeled_trend_not_observed;no_dynamic_world_input;forecast_accuracy_unvalidated,2026-08-31,2.6666666666666665,full_footprint_fixed_height
SMR,2020,3030681.63,0.7431173687569275,0.2568826312430725,2252152.158425556,778529.4715744437,observed_2.5d,historical_estimated,,GHS-BUILT-V R2023A,ghs_built_v_volume_share,none,2020-12-31,0.0,observed_input_imputation
SMR,2023,3170012.44,0.7451218591861329,0.2548781408138671,2362045.56293597,807966.8770640305,observed_2.5d,interpolated,2020-2025,GHS-BUILT-V R2023A,ghs_built_v_volume_share,none,2023-12-31,0.0,observed_input_imputation
SMR,2024,3189331.91,0.7457900226625347,0.2542099773374653,2378571.917437245,810759.992562755,footprint_trend_nowcast,interpolated,2020-2025,GHS-BUILT-V R2023A,ghs_built_v_volume_share,modeled_trend_not_observed;no_dynamic_world_input;forecast_accuracy_unvalidated,2024-08-31,0.6666666666666666,full_footprint_fixed_height
SMR,2025,3218532.1,0.7464581861389366,0.2535418138610635,2402499.6333959424,816032.4666040578,footprint_trend_nowcast,projected,,GHS-BUILT-V R2023A,ghs_built_v_volume_share,modeled_trend_not_observed;no_dynamic_world_input;forecast_accuracy_unvalidated,2025-08-31,1.6666666666666663,full_footprint_fixed_height
SMR,2026,3247999.64,0.7463283258315142,0.25367167416848585,2424074.133622561,823925.5063774394,footprint_trend_nowcast,interpolated,2025-2030,GHS-BUILT-V R2023A,ghs_built_v_volume_share,modeled_trend_not_observed;no_dynamic_world_input;forecast_accuracy_unvalidated,2026-08-31,2.6666666666666665,full_footprint_fixed_height
SOM,2020,134848326.33,0.9946842488585916,0.005315751141408402,134131506.1853943,716820.1446057103,observed_2.5d,historical_estimated,,GHS-BUILT-V R2023A,ghs_built_v_volume_share,none,2020-12-31,0.0,observed_input_imputation
SOM,2023,150313667.33,0.9947234995294201,0.0052765004705799794,149520537.1935987,793130.1364013476,observed_2.5d,interpolated,2020-2025,GHS-BUILT-V R2023A,ghs_built_v_volume_share,none,2023-12-31,0.0,observed_input_imputation
SOM,2024,153984460.32,0.9947365830863628,0.005263416913637172,153173975.90711442,810484.41288558,footprint_trend_nowcast,interpolated,2020-2025,GHS-BUILT-V R2023A,ghs_built_v_volume_share,modeled_trend_not_observed;no_dynamic_world_input;forecast_accuracy_unvalidated,2024-08-31,0.6666666666666666,full_footprint_fixed_height
SOM,2025,159659414.39,0.9947496666433057,0.005250333356694364,158821149.2409179,838265.1490821051,footprint_trend_nowcast,projected,,GHS-BUILT-V R2023A,ghs_built_v_volume_share,modeled_trend_not_observed;no_dynamic_world_input;forecast_accuracy_unvalidated,2025-08-31,1.6666666666666663,full_footprint_fixed_height
SOM,2026,165543513.62,0.994741925911371,0.005258074088628992,164673073.5604941,870440.0595059226,footprint_trend_nowcast,interpolated,2025-2030,GHS-BUILT-V R2023A,ghs_built_v_volume_share,modeled_trend_not_observed;no_dynamic_world_input;forecast_accuracy_unvalidated,2026-08-31,2.6666666666666665,full_footprint_fixed_height
SRB,2020,584520286.21,0.9104190757737664,0.08958092422623361,532158418.7423256,52361867.4676744,observed_2.5d,historical_estimated,,GHS-BUILT-V R2023A,ghs_built_v_volume_share,none,2020-12-31,0.0,observed_input_imputation
SRB,2023,605430808.53,0.9102443916822882,0.08975560831771176,551089998.0161058,54340810.51389422,observed_2.5d,interpolated,2020-2025,GHS-BUILT-V R2023A,ghs_built_v_volume_share,none,2023-12-31,0.0,observed_input_imputation
SRB,2024,610178250.7,0.9101861636517955,0.08981383634820449,555375801.1483965,54802449.551603496,footprint_trend_nowcast,interpolated,2020-2025,GHS-BUILT-V R2023A,ghs_built_v_volume_share,modeled_trend_not_observed;no_dynamic_world_input;forecast_accuracy_unvalidated,2024-08-31,0.6666666666666666,full_footprint_fixed_height
SRB,2025,617369305.2,0.9101279356213028,0.0898720643786972,561885051.257634,55484253.94236597,footprint_trend_nowcast,projected,,GHS-BUILT-V R2023A,ghs_built_v_volume_share,modeled_trend_not_observed;no_dynamic_world_input;forecast_accuracy_unvalidated,2025-08-31,1.6666666666666663,full_footprint_fixed_height
SRB,2026,624645107.5,0.9100529825336916,0.08994701746630841,568460143.1054534,56184964.3945466,footprint_trend_nowcast,interpolated,2025-2030,GHS-BUILT-V R2023A,ghs_built_v_volume_share,modeled_trend_not_observed;no_dynamic_world_input;forecast_accuracy_unvalidated,2026-08-31,2.6666666666666665,full_footprint_fixed_height
SSD,2020,82483216.59,0.9933757276423849,0.006624272357615116,81936825.29837568,546391.2916243175,observed_2.5d,historical_estimated,,GHS-BUILT-V R2023A,ghs_built_v_volume_share,none,2020-12-31,0.0,observed_input_imputation
SSD,2023,87971259.95,0.9933962009041978,0.006603799095802226,87390315.42308562,580944.5269143926,observed_2.5d,interpolated,2020-2025,GHS-BUILT-V R2023A,ghs_built_v_volume_share,none,2023-12-31,0.0,observed_input_imputation
SSD,2024,89239582.21,0.9934030253248021,0.00659697467519793,88650870.94613539,588711.2638646137,footprint_trend_nowcast,interpolated,2020-2025,GHS-BUILT-V R2023A,ghs_built_v_volume_share,modeled_trend_not_observed;no_dynamic_world_input;forecast_accuracy_unvalidated,2024-08-31,0.6666666666666666,full_footprint_fixed_height
SSD,2025,91176434.07,0.9934098497454064,0.006590150254593633,90575567.66980064,600866.4001993501,footprint_trend_nowcast,projected,,GHS-BUILT-V R2023A,ghs_built_v_volume_share,modeled_trend_not_observed;no_dynamic_world_input;forecast_accuracy_unvalidated,2025-08-31,1.6666666666666663,full_footprint_fixed_height
SSD,2026,93155323.28,0.9934263926267174,0.006573607373282602,92542956.76002607,612366.5199739324,footprint_trend_nowcast,interpolated,2025-2030,GHS-BUILT-V R2023A,ghs_built_v_volume_share,modeled_trend_not_observed;no_dynamic_world_input;forecast_accuracy_unvalidated,2026-08-31,2.6666666666666665,full_footprint_fixed_height
STP,2020,6153544.55,0.9884142526843088,0.011585747315691139,6082251.137747851,71293.41225214834,observed_2.5d,historical_estimated,,GHS-BUILT-V R2023A,ghs_built_v_volume_share,none,2020-12-31,0.0,observed_input_imputation
STP,2023,6216233.54,0.988448642255286,0.011551357744714072,6144427.60255477,71805.93744523037,observed_2.5d,interpolated,2020-2025,GHS-BUILT-V R2023A,ghs_built_v_volume_share,none,2023-12-31,0.0,observed_input_imputation
STP,2024,6230250.93,0.9884601054456116,0.011539894554388383,6158354.491220419,71896.43877958016,footprint_trend_nowcast,interpolated,2020-2025,GHS-BUILT-V R2023A,ghs_built_v_volume_share,modeled_trend_not_observed;no_dynamic_world_input;forecast_accuracy_unvalidated,2024-08-31,0.6666666666666666,full_footprint_fixed_height
STP,2025,6251336.3,0.9884715686359373,0.011528431364062694,6179268.198531777,72068.10146822363,footprint_trend_nowcast,projected,,GHS-BUILT-V R2023A,ghs_built_v_volume_share,modeled_trend_not_observed;no_dynamic_world_input;forecast_accuracy_unvalidated,2025-08-31,1.6666666666666663,full_footprint_fixed_height
STP,2026,6272493.03,0.9884587337449157,0.011541266255084318,6200100.517857609,72392.5121423906,footprint_trend_nowcast,interpolated,2025-2030,GHS-BUILT-V R2023A,ghs_built_v_volume_share,modeled_trend_not_observed;no_dynamic_world_input;forecast_accuracy_unvalidated,2026-08-31,2.6666666666666665,full_footprint_fixed_height
SUR,2020,50598825.22,0.9597592752901604,0.040240724709839665,48562691.82368069,2036133.3963193123,observed_2.5d,historical_estimated,,GHS-BUILT-V R2023A,ghs_built_v_volume_share,none,2020-12-31,0.0,observed_input_imputation
SUR,2023,51982456.44,0.9594238156618605,0.040576184338139476,49873206.705141254,2109249.7348587452,observed_2.5d,interpolated,2020-2025,GHS-BUILT-V R2023A,ghs_built_v_volume_share,none,2023-12-31,0.0,observed_input_imputation
SUR,2024,52295032.22,0.9593119957857607,0.04068800421423941,50167251.72864886,2127780.491351146,footprint_trend_nowcast,interpolated,2020-2025,GHS-BUILT-V R2023A,ghs_built_v_volume_share,modeled_trend_not_observed;no_dynamic_world_input;forecast_accuracy_unvalidated,2024-08-31,0.6666666666666666,full_footprint_fixed_height
SUR,2025,52767423.57,0.9592001759096607,0.040799824090339346,50614521.97064357,2152901.5993564264,footprint_trend_nowcast,projected,,GHS-BUILT-V R2023A,ghs_built_v_volume_share,modeled_trend_not_observed;no_dynamic_world_input;forecast_accuracy_unvalidated,2025-08-31,1.6666666666666663,full_footprint_fixed_height
SUR,2026,53244082.12,0.9590532003906953,0.04094679960930471,51063907.359051,2180174.760949004,footprint_trend_nowcast,interpolated,2025-2030,GHS-BUILT-V R2023A,ghs_built_v_volume_share,modeled_trend_not_observed;no_dynamic_world_input;forecast_accuracy_unvalidated,2026-08-31,2.6666666666666665,full_footprint_fixed_height
SVK,2020,391189188.05,0.8122767970067563,0.18772320299324372,317753900.69292766,73435287.35707234,observed_2.5d,historical_estimated,,GHS-BUILT-V R2023A,ghs_built_v_volume_share,none,2020-12-31,0.0,observed_input_imputation
SVK,2023,421745624.75,0.8128355507003764,0.18716444929962353,342809837.14914054,78935787.60085943,observed_2.5d,interpolated,2020-2025,GHS-BUILT-V R2023A,ghs_built_v_volume_share,none,2023-12-31,0.0,observed_input_imputation
SVK,2024,428447221.37,0.8130218019315831,0.18697819806841678,348336931.9508173,80110289.41918267,footprint_trend_nowcast,interpolated,2020-2025,GHS-BUILT-V R2023A,ghs_built_v_volume_share,modeled_trend_not_observed;no_dynamic_world_input;forecast_accuracy_unvalidated,2024-08-31,0.6666666666666666,full_footprint_fixed_height
SVK,2025,438699811.48,0.8132080531627899,0.18679194683721007,356754219.61653376,81945591.86346625,footprint_trend_nowcast,projected,,GHS-BUILT-V R2023A,ghs_built_v_volume_share,modeled_trend_not_observed;no_dynamic_world_input;forecast_accuracy_unvalidated,2025-08-31,1.6666666666666663,full_footprint_fixed_height
SVK,2026,449197742.43,0.813361175343516,0.18663882465648393,365360003.7445188,83837738.6854812,footprint_trend_nowcast,interpolated,2025-2030,GHS-BUILT-V R2023A,ghs_built_v_volume_share,modeled_trend_not_observed;no_dynamic_world_input;forecast_accuracy_unvalidated,2026-08-31,2.6666666666666665,full_footprint_fixed_height
SVN,2020,188783306.59,0.8074141261968054,0.19258587380319458,152426308.53090847,36356998.05909153,observed_2.5d,historical_estimated,,GHS-BUILT-V R2023A,ghs_built_v_volume_share,none,2020-12-31,0.0,observed_input_imputation
SVN,2023,198142046.73,0.8085764444429873,0.19142355555701268,160212991.63959962,37929055.09040035,observed_2.5d,interpolated,2020-2025,GHS-BUILT-V R2023A,ghs_built_v_volume_share,none,2023-12-31,0.0,observed_input_imputation
SVN,2024,200283979.9,0.8089638838583812,0.1910361161416187,162022506.25451797,38261473.645482026,footprint_trend_nowcast,interpolated,2020-2025,GHS-BUILT-V R2023A,ghs_built_v_volume_share,modeled_trend_not_observed;no_dynamic_world_input;forecast_accuracy_unvalidated,2024-08-31,0.6666666666666666,full_footprint_fixed_height
SVN,2025,203540372.44,0.8093513232737752,0.19064867672622474,164735669.77395105,38804702.666048944,footprint_trend_nowcast,projected,,GHS-BUILT-V R2023A,ghs_built_v_volume_share,modeled_trend_not_observed;no_dynamic_world_input;forecast_accuracy_unvalidated,2025-08-31,1.6666666666666663,full_footprint_fixed_height
SVN,2026,206849710.27,0.8095765414630184,0.19042345853698156,167460673.043014,39389037.226986,footprint_trend_nowcast,interpolated,2025-2030,GHS-BUILT-V R2023A,ghs_built_v_volume_share,modeled_trend_not_observed;no_dynamic_world_input;forecast_accuracy_unvalidated,2026-08-31,2.6666666666666665,full_footprint_fixed_height
SWE,2020,860750073.05,0.6504272494766095,0.3495727505233905,559855302.5007021,300894770.54929775,observed_2.5d,historical_estimated,,GHS-BUILT-V R2023A,ghs_built_v_volume_share,none,2020-12-31,0.0,observed_input_imputation
SWE,2023,928478260.76,0.6515196531003647,0.34848034689963525,604921834.3615851,323556426.3984148,observed_2.5d,interpolated,2020-2025,GHS-BUILT-V R2023A,ghs_built_v_volume_share,none,2023-12-31,0.0,observed_input_imputation
SWE,2024,940730126.53,0.6518837876416165,0.3481162123583835,613246718.0309535,327483408.49904644,footprint_trend_nowcast,interpolated,2020-2025,GHS-BUILT-V R2023A,ghs_built_v_volume_share,modeled_trend_not_observed;no_dynamic_world_input;forecast_accuracy_unvalidated,2024-08-31,0.6666666666666666,full_footprint_fixed_height
SWE,2025,959411724.29,0.6522479221828682,0.3477520778171318,625774303.6860353,333637420.6039647,footprint_trend_nowcast,projected,,GHS-BUILT-V R2023A,ghs_built_v_volume_share,modeled_trend_not_observed;no_dynamic_world_input;forecast_accuracy_unvalidated,2025-08-31,1.6666666666666663,full_footprint_fixed_height
SWE,2026,978464312.72,0.6525227129777619,0.3474772870222382,638470187.8879756,339994124.83202446,footprint_trend_nowcast,interpolated,2025-2030,GHS-BUILT-V R2023A,ghs_built_v_volume_share,modeled_trend_not_observed;no_dynamic_world_input;forecast_accuracy_unvalidated,2026-08-31,2.6666666666666665,full_footprint_fixed_height
SWZ,2020,51228621.63,0.9845729631951294,0.015427036804870614,50438315.7986512,790305.8313488009,observed_2.5d,historical_estimated,,GHS-BUILT-V R2023A,ghs_built_v_volume_share,none,2020-12-31,0.0,observed_input_imputation
SWZ,2023,54818020.65,0.9857174390237251,0.014282560976274868,54035078.927467674,782941.7225323198,observed_2.5d,interpolated,2020-2025,GHS-BUILT-V R2023A,ghs_built_v_volume_share,none,2023-12-31,0.0,observed_input_imputation
SWZ,2024,55649216.82,0.9860989309665904,0.013901069033409619,54875633.215330005,773583.6046699997,footprint_trend_nowcast,interpolated,2020-2025,GHS-BUILT-V R2023A,ghs_built_v_volume_share,modeled_trend_not_observed;no_dynamic_world_input;forecast_accuracy_unvalidated,2024-08-31,0.6666666666666666,full_footprint_fixed_height
SWZ,2025,56919701.83,0.9864804229094556,0.01351957709054437,56150171.53313851,769530.2968614844,footprint_trend_nowcast,projected,,GHS-BUILT-V R2023A,ghs_built_v_volume_share,modeled_trend_not_observed;no_dynamic_world_input;forecast_accuracy_unvalidated,2025-08-31,1.6666666666666663,full_footprint_fixed_height
SWZ,2026,58219192.33,0.9865658677502275,0.013434132249772471,57437068.00076383,782124.3292361591,footprint_trend_nowcast,interpolated,2025-2030,GHS-BUILT-V R2023A,ghs_built_v_volume_share,modeled_trend_not_observed;no_dynamic_world_input;forecast_accuracy_unvalidated,2026-08-31,2.6666666666666665,full_footprint_fixed_height
SYC,2020,7317572.88,0.9360618383304096,0.06393816166959038,6849700.722169549,467872.15783045004,observed_2.5d,historical_estimated,,GHS-BUILT-V R2023A,ghs_built_v_volume_share,none,2020-12-31,0.0,observed_input_imputation
SYC,2023,7673242.18,0.9347827924296562,0.06521720757034373,7172814.7520094225,500427.42799057683,observed_2.5d,interpolated,2020-2025,GHS-BUILT-V R2023A,ghs_built_v_volume_share,none,2023-12-31,0.0,observed_input_imputation
SYC,2024,7754598.49,0.9343564437960719,0.06564355620392819,7245559.068182789,509039.42181721167,footprint_trend_nowcast,interpolated,2020-2025,GHS-BUILT-V R2023A,ghs_built_v_volume_share,modeled_trend_not_observed;no_dynamic_world_input;forecast_accuracy_unvalidated,2024-08-31,0.6666666666666666,full_footprint_fixed_height
SYC,2025,7878253.17,0.9339300951624874,0.06606990483751264,7357737.732772267,520515.43722773227,footprint_trend_nowcast,projected,,GHS-BUILT-V R2023A,ghs_built_v_volume_share,modeled_trend_not_observed;no_dynamic_world_input;forecast_accuracy_unvalidated,2025-08-31,1.6666666666666663,full_footprint_fixed_height
SYC,2026,8003879.64,0.933846753151127,0.06615324684887304,7474397.014426411,529482.6255735891,footprint_trend_nowcast,interpolated,2025-2030,GHS-BUILT-V R2023A,ghs_built_v_volume_share,modeled_trend_not_observed;no_dynamic_world_input;forecast_accuracy_unvalidated,2026-08-31,2.6666666666666665,full_footprint_fixed_height
SYR,2020,795482211.65,0.9547099350686782,0.04529006493132183,759454770.63266,36027441.01734,observed_2.5d,historical_estimated,,GHS-BUILT-V R2023A,ghs_built_v_volume_share,none,2020-12-31,0.0,observed_input_imputation
SYR,2023,824666220.12,0.9541782678315079,0.04582173216849203,786878585.4532586,37787634.666741334,observed_2.5d,interpolated,2020-2025,GHS-BUILT-V R2023A,ghs_built_v_volume_share,none,2023-12-31,0.0,observed_input_imputation
SYR,2024,831608816.27,0.9540010454191179,0.0459989545808821,793355680.1013352,38253136.16866486,footprint_trend_nowcast,interpolated,2020-2025,GHS-BUILT-V R2023A,ghs_built_v_volume_share,modeled_trend_not_observed;no_dynamic_world_input;forecast_accuracy_unvalidated,2024-08-31,0.6666666666666666,full_footprint_fixed_height
SYR,2025,842132453.08,0.9538238230067279,0.046176176993272165,803245995.8747995,38886457.205200545,footprint_trend_nowcast,projected,,GHS-BUILT-V R2023A,ghs_built_v_volume_share,modeled_trend_not_observed;no_dynamic_world_input;forecast_accuracy_unvalidated,2025-08-31,1.6666666666666663,full_footprint_fixed_height
SYR,2026,852789261.8,0.9537427717748511,0.046257228225148946,813341594.2889612,39447667.51103889,footprint_trend_nowcast,interpolated,2025-2030,GHS-BUILT-V R2023A,ghs_built_v_volume_share,modeled_trend_not_observed;no_dynamic_world_input;forecast_accuracy_unvalidated,2026-08-31,2.6666666666666665,full_footprint_fixed_height
TCD,2020,126450494.22,0.9922870614205105,0.0077129385794894615,125475189.32473505,975304.8952649472,observed_2.5d,historical_estimated,,GHS-BUILT-V R2023A,ghs_built_v_volume_share,none,2020-12-31,0.0,observed_input_imputation
TCD,2023,139916047.9,0.9923651697251842,0.0076348302748158285,138847812.6215605,1068235.2784395018,observed_2.5d,interpolated,2020-2025,GHS-BUILT-V R2023A,ghs_built_v_volume_share,none,2023-12-31,0.0,observed_input_imputation
TCD,2024,143097988.53,0.992391205826742,0.007608794173257951,142009185.388668,1088803.141331997,footprint_trend_nowcast,interpolated,2020-2025,GHS-BUILT-V R2023A,ghs_built_v_volume_share,modeled_trend_not_observed;no_dynamic_world_input;forecast_accuracy_unvalidated,2024-08-31,0.6666666666666666,full_footprint_fixed_height
TCD,2025,148007092.94,0.9924172419282999,0.007582758071700073,146884790.96134034,1122301.978659648,footprint_trend_nowcast,projected,,GHS-BUILT-V R2023A,ghs_built_v_volume_share,modeled_trend_not_observed;no_dynamic_world_input;forecast_accuracy_unvalidated,2025-08-31,1.6666666666666663,full_footprint_fixed_height
TCD,2026,153084608.56,0.9924265059869524,0.007573494013047686,151925223.1935811,1159385.3664189086,footprint_trend_nowcast,interpolated,2025-2030,GHS-BUILT-V R2023A,ghs_built_v_volume_share,modeled_trend_not_observed;no_dynamic_world_input;forecast_accuracy_unvalidated,2026-08-31,2.6666666666666665,full_footprint_fixed_height
TGO,2020,185693532.73,0.9879077151959416,0.012092284804058427,183448073.64595708,2245459.084042905,observed_2.5d,historical_estimated,,GHS-BUILT-V R2023A,ghs_built_v_volume_share,none,2020-12-31,0.0,observed_input_imputation
TGO,2023,209305536.68,0.9881872396342798,0.011812760365720251,206833060.5319807,2472476.1480193106,observed_2.5d,interpolated,2020-2025,GHS-BUILT-V R2023A,ghs_built_v_volume_share,none,2023-12-31,0.0,observed_input_imputation
TGO,2024,214947650.79,0.9882804144470592,0.01171958555294086,212428553.40716293,2519097.382837061,footprint_trend_nowcast,interpolated,2020-2025,GHS-BUILT-V R2023A,ghs_built_v_volume_share,modeled_trend_not_observed;no_dynamic_world_input;forecast_accuracy_unvalidated,2024-08-31,0.6666666666666666,full_footprint_fixed_height
TGO,2025,223697269.16,0.9883735892598385,0.011626410740161467,221096472.8272934,2600796.3327066144,footprint_trend_nowcast,projected,,GHS-BUILT-V R2023A,ghs_built_v_volume_share,modeled_trend_not_observed;no_dynamic_world_input;forecast_accuracy_unvalidated,2025-08-31,1.6666666666666663,full_footprint_fixed_height
TGO,2026,232803047.84,0.9884022509674145,0.011597749032585435,230103056.5171307,2699991.322869301,footprint_trend_nowcast,interpolated,2025-2030,GHS-BUILT-V R2023A,ghs_built_v_volume_share,modeled_trend_not_observed;no_dynamic_world_input;forecast_accuracy_unvalidated,2026-08-31,2.6666666666666665,full_footprint_fixed_height
THA,2020,5229846890.15,0.934075404238502,0.06592459576149806,4885071348.022333,344775542.1276665,observed_2.5d,historical_estimated,,GHS-BUILT-V R2023A,ghs_built_v_volume_share,none,2020-12-31,0.0,observed_input_imputation
THA,2023,5667036516.15,0.9338758274323062,0.06612417256769379,5292308415.608675,374728100.5413248,observed_2.5d,interpolated,2020-2025,GHS-BUILT-V R2023A,ghs_built_v_volume_share,none,2023-12-31,0.0,observed_input_imputation
THA,2024,5769049182.09,0.9338093018302409,0.06619069816975903,5387191788.951785,381857393.1382144,footprint_trend_nowcast,interpolated,2020-2025,GHS-BUILT-V R2023A,ghs_built_v_volume_share,modeled_trend_not_observed;no_dynamic_world_input;forecast_accuracy_unvalidated,2024-08-31,0.6666666666666666,full_footprint_fixed_height
THA,2025,5925521618.15,0.9337427762281757,0.06625722377182428,5532913006.331452,392608611.8185468,footprint_trend_nowcast,projected,,GHS-BUILT-V R2023A,ghs_built_v_volume_share,modeled_trend_not_observed;no_dynamic_world_input;forecast_accuracy_unvalidated,2025-08-31,1.6666666666666663,full_footprint_fixed_height
THA,2026,6086238015.83,0.9336539517459675,0.06634604825403247,5682440174.746216,403797841.083784,footprint_trend_nowcast,interpolated,2025-2030,GHS-BUILT-V R2023A,ghs_built_v_volume_share,modeled_trend_not_observed;no_dynamic_world_input;forecast_accuracy_unvalidated,2026-08-31,2.6666666666666665,full_footprint_fixed_height
TJK,2020,392955797.92,0.9742140880219164,0.02578591197808355,382823074.30355734,10132723.616442706,observed_2.5d,historical_estimated,,GHS-BUILT-V R2023A,ghs_built_v_volume_share,none,2020-12-31,0.0,observed_input_imputation
TJK,2023,429052966.63,0.9746280301114504,0.02537196988854968,418167047.68007076,10885918.94992927,observed_2.5d,interpolated,2020-2025,GHS-BUILT-V R2023A,ghs_built_v_volume_share,none,2023-12-31,0.0,observed_input_imputation
TJK,2024,437514560.57,0.9747660108079617,0.02523398919203839,426474322.87721723,11040237.692782806,footprint_trend_nowcast,interpolated,2020-2025,GHS-BUILT-V R2023A,ghs_built_v_volume_share,modeled_trend_not_observed;no_dynamic_world_input;forecast_accuracy_unvalidated,2024-08-31,0.6666666666666666,full_footprint_fixed_height
TJK,2025,450520869.61,0.9749039915044729,0.0250960084955271,439214594.0388552,11306275.571144817,footprint_trend_nowcast,projected,,GHS-BUILT-V R2023A,ghs_built_v_volume_share,modeled_trend_not_observed;no_dynamic_world_input;forecast_accuracy_unvalidated,2025-08-31,1.6666666666666663,full_footprint_fixed_height
TJK,2026,463913826.52,0.9749101993494859,0.025089800650514114,452274321.093596,11639505.426403986,footprint_trend_nowcast,interpolated,2025-2030,GHS-BUILT-V R2023A,ghs_built_v_volume_share,modeled_trend_not_observed;no_dynamic_world_input;forecast_accuracy_unvalidated,2026-08-31,2.6666666666666665,full_footprint_fixed_height
TKM,2020,359976676.15,0.9740516029408941,0.025948397059105947,350635858.4252426,9340817.724757394,observed_2.5d,historical_estimated,,GHS-BUILT-V R2023A,ghs_built_v_volume_share,none,2020-12-31,0.0,observed_input_imputation
TKM,2023,394619540.28,0.9736389972124109,0.026361002787589183,384216973.47864175,10402566.801358242,observed_2.5d,interpolated,2020-2025,GHS-BUILT-V R2023A,ghs_built_v_volume_share,none,2023-12-31,0.0,observed_input_imputation
TKM,2024,402759869.6,0.9735014619695831,0.026498538030416928,392087321.8782787,10672547.721721364,footprint_trend_nowcast,interpolated,2020-2025,GHS-BUILT-V R2023A,ghs_built_v_volume_share,modeled_trend_not_observed;no_dynamic_world_input;forecast_accuracy_unvalidated,2024-08-31,0.6666666666666666,full_footprint_fixed_height
TKM,2025,415286295.41,0.9733639267267553,0.026636073273244673,404224699.2160849,11061596.193915093,footprint_trend_nowcast,projected,,GHS-BUILT-V R2023A,ghs_built_v_volume_share,modeled_trend_not_observed;no_dynamic_world_input;forecast_accuracy_unvalidated,2025-08-31,1.6666666666666663,full_footprint_fixed_height
TKM,2026,428202311.54,0.9732719242842915,0.026728075715708396,416757287.7355175,11445023.804482475,footprint_trend_nowcast,interpolated,2025-2030,GHS-BUILT-V R2023A,ghs_built_v_volume_share,modeled_trend_not_observed;no_dynamic_world_input;forecast_accuracy_unvalidated,2026-08-31,2.6666666666666665,full_footprint_fixed_height
TLS,2020,41213693.9,0.9917357343797459,0.008264265620254112,40873092.98641855,340600.91358144657,observed_2.5d,historical_estimated,,GHS-BUILT-V R2023A,ghs_built_v_volume_share,none,2020-12-31,0.0,observed_input_imputation
TLS,2023,44023426.68,0.9919075624498535,0.008092437550146563,43667169.84884864,356256.83115135605,observed_2.5d,interpolated,2020-2025,GHS-BUILT-V R2023A,ghs_built_v_volume_share,none,2023-12-31,0.0,observed_input_imputation
TLS,2024,44673378.73,0.9919648384732227,0.00803516152677738,44314420.91595755,358957.81404245086,footprint_trend_nowcast,interpolated,2020-2025,GHS-BUILT-V R2023A,ghs_built_v_volume_share,modeled_trend_not_observed;no_dynamic_world_input;forecast_accuracy_unvalidated,2024-08-31,0.6666666666666666,full_footprint_fixed_height
TLS,2025,45666343.01,0.9920221144965918,0.007977885503408196,45302022.154106855,364320.8558931452,footprint_trend_nowcast,projected,,GHS-BUILT-V R2023A,ghs_built_v_volume_share,modeled_trend_not_observed;no_dynamic_world_input;forecast_accuracy_unvalidated,2025-08-31,1.6666666666666663,full_footprint_fixed_height
TLS,2026,46681378.12,0.99203477624155,0.007965223758450024,46309550.497921385,371827.6220786131,footprint_trend_nowcast,interpolated,2025-2030,GHS-BUILT-V R2023A,ghs_built_v_volume_share,modeled_trend_not_observed;no_dynamic_world_input;forecast_accuracy_unvalidated,2026-08-31,2.6666666666666665,full_footprint_fixed_height
TON,2020,4719083.85,0.999858786395158,0.00014121360484195598,4718417.45115799,666.3988420099562,observed_2.5d,historical_estimated,,GHS-BUILT-V R2023A,ghs_built_v_volume_share,none,2020-12-31,0.0,observed_input_imputation
TON,2023,4976616.78,0.999858786395158,0.00014121360484195598,4975914.01400458,702.7659954207675,observed_2.5d,interpolated,2020-2025,GHS-BUILT-V R2023A,ghs_built_v_volume_share,none,2023-12-31,0.0,observed_input_imputation
TON,2024,5035728.55,0.999858786395158,0.00014121360484195598,5035017.436618448,711.1133815510559,footprint_trend_nowcast,interpolated,2020-2025,GHS-BUILT-V R2023A,ghs_built_v_volume_share,modeled_trend_not_observed;no_dynamic_world_input;forecast_accuracy_unvalidated,2024-08-31,0.6666666666666666,full_footprint_fixed_height
TON,2025,5125715.3,0.999858786395158,0.00014121360484195598,5124991.479265093,723.8207349065678,footprint_trend_nowcast,projected,,GHS-BUILT-V R2023A,ghs_built_v_volume_share,modeled_trend_not_observed;no_dynamic_world_input;forecast_accuracy_unvalidated,2025-08-31,1.6666666666666663,full_footprint_fixed_height
TON,2026,5217310.08,0.9998587955042151,0.00014120449578487214,5216573.3723608,736.7076391997309,footprint_trend_nowcast,interpolated,2025-2030,GHS-BUILT-V R2023A,ghs_built_v_volume_share,modeled_trend_not_observed;no_dynamic_world_input;forecast_accuracy_unvalidated,2026-08-31,2.6666666666666665,full_footprint_fixed_height
TTO,2020,100480869.27,0.9088187998045145,0.09118120019548542,91318903.01327573,9161966.256724268,observed_2.5d,historical_estimated,,GHS-BUILT-V R2023A,ghs_built_v_volume_share,none,2020-12-31,0.0,observed_input_imputation
TTO,2023,104234034.7,0.9091306144133082,0.09086938558669176,94762352.00958909,9471682.690410908,observed_2.5d,interpolated,2020-2025,GHS-BUILT-V R2023A,ghs_built_v_volume_share,none,2023-12-31,0.0,observed_input_imputation
TTO,2024,105086928.03,0.9092345526162395,0.09076544738376054,95548665.99317202,9538262.036827995,footprint_trend_nowcast,interpolated,2020-2025,GHS-BUILT-V R2023A,ghs_built_v_volume_share,modeled_trend_not_observed;no_dynamic_world_input;forecast_accuracy_unvalidated,2024-08-31,0.6666666666666666,full_footprint_fixed_height
TTO,2025,106379371.07,0.9093384908191707,0.09066150918082931,96734856.74308634,9644514.326913653,footprint_trend_nowcast,projected,,GHS-BUILT-V R2023A,ghs_built_v_volume_share,modeled_trend_not_observed;no_dynamic_world_input;forecast_accuracy_unvalidated,2025-08-31,1.6666666666666663,full_footprint_fixed_height
TTO,2026,107687709.61,0.909408267874797,0.09059173212520305,97932093.46783423,9755616.142165774,footprint_trend_nowcast,interpolated,2025-2030,GHS-BUILT-V R2023A,ghs_built_v_volume_share,modeled_trend_not_observed;no_dynamic_world_input;forecast_accuracy_unvalidated,2026-08-31,2.6666666666666665,full_footprint_fixed_height
TUN,2020,649171642.78,0.9598376793102574,0.040162320689742605,623099403.0799826,26072239.70001739,observed_2.5d,historical_estimated,,GHS-BUILT-V R2023A,ghs_built_v_volume_share,none,2020-12-31,0.0,observed_input_imputation
TUN,2023,668747173.77,0.9595735344420598,0.04042646555794023,641712089.1826173,27035084.587382775,observed_2.5d,interpolated,2020-2025,GHS-BUILT-V R2023A,ghs_built_v_volume_share,none,2023-12-31,0.0,observed_input_imputation
TUN,2024,673528157.33,0.9594854861526606,0.040514513847339444,646240491.4732808,27287665.856719308,footprint_trend_nowcast,interpolated,2020-2025,GHS-BUILT-V R2023A,ghs_built_v_volume_share,modeled_trend_not_observed;no_dynamic_world_input;forecast_accuracy_unvalidated,2024-08-31,0.6666666666666666,full_footprint_fixed_height
TUN,2025,680763796.53,0.9593974378632614,0.04060256213673865,653123042.1809485,27640754.34905143,footprint_trend_nowcast,projected,,GHS-BUILT-V R2023A,ghs_built_v_volume_share,modeled_trend_not_observed;no_dynamic_world_input;forecast_accuracy_unvalidated,2025-08-31,1.6666666666666663,full_footprint_fixed_height
TUN,2026,688077167.41,0.9593442394866758,0.040655760513324264,660102866.8770925,27974300.532907486,footprint_trend_nowcast,interpolated,2025-2030,GHS-BUILT-V R2023A,ghs_built_v_volume_share,modeled_trend_not_observed;no_dynamic_world_input;forecast_accuracy_unvalidated,2026-08-31,2.6666666666666665,full_footprint_fixed_height
TUR,2020,3957897873.26,0.8465349443181213,0.15346505568187874,3350498855.7569647,607399017.5030354,observed_2.5d,historical_estimated,,GHS-BUILT-V R2023A,ghs_built_v_volume_share,none,2020-12-31,0.0,observed_input_imputation
TUR,2023,4371696621.06,0.8445716718239411,0.15542832817605887,3692211123.955719,679485497.1042814,observed_2.5d,interpolated,2020-2025,GHS-BUILT-V R2023A,ghs_built_v_volume_share,none,2023-12-31,0.0,observed_input_imputation
TUR,2024,4463638418.31,0.8439172476592144,0.15608275234078559,3766941448.5261045,696696969.7838957,footprint_trend_nowcast,interpolated,2020-2025,GHS-BUILT-V R2023A,ghs_built_v_volume_share,modeled_trend_not_observed;no_dynamic_world_input;forecast_accuracy_unvalidated,2024-08-31,0.6666666666666666,full_footprint_fixed_height
TUR,2025,4605189367.18,0.8432628234944877,0.1567371765055123,3883384988.495,721804378.6850002,footprint_trend_nowcast,projected,,GHS-BUILT-V R2023A,ghs_built_v_volume_share,modeled_trend_not_observed;no_dynamic_world_input;forecast_accuracy_unvalidated,2025-08-31,1.6666666666666663,full_footprint_fixed_height
TUR,2026,4751229181.25,0.8428296121946567,0.15717038780534323,4004476648.280874,746752532.9691259,footprint_trend_nowcast,interpolated,2025-2030,GHS-BUILT-V R2023A,ghs_built_v_volume_share,modeled_trend_not_observed;no_dynamic_world_input;forecast_accuracy_unvalidated,2026-08-31,2.6666666666666665,full_footprint_fixed_height
TUV,2020,19394.81,1.0,0.0,19394.81,0.0,observed_2.5d,historical_estimated,,GHS-BUILT-V R2023A,ghs_built_v_volume_share,none,2020-12-31,0.0,observed_input_imputation
TUV,2023,20204.93,1.0,0.0,20204.93,0.0,observed_2.5d,interpolated,2020-2025,GHS-BUILT-V R2023A,ghs_built_v_volume_share,none,2023-12-31,0.0,observed_input_imputation
TUV,2024,20389.5,1.0,0.0,20389.5,0.0,footprint_trend_nowcast,interpolated,2020-2025,GHS-BUILT-V R2023A,ghs_built_v_volume_share,modeled_trend_not_observed;no_dynamic_world_input;forecast_accuracy_unvalidated,2024-08-31,0.6666666666666666,full_footprint_fixed_height
TUV,2025,20669.53,1.0,0.0,20669.53,0.0,footprint_trend_nowcast,projected,,GHS-BUILT-V R2023A,ghs_built_v_volume_share,modeled_trend_not_observed;no_dynamic_world_input;forecast_accuracy_unvalidated,2025-08-31,1.6666666666666663,full_footprint_fixed_height
TUV,2026,20953.4,1.0,0.0,20953.4,0.0,footprint_trend_nowcast,interpolated,2025-2030,GHS-BUILT-V R2023A,ghs_built_v_volume_share,modeled_trend_not_observed;no_dynamic_world_input;forecast_accuracy_unvalidated,2026-08-31,2.6666666666666665,full_footprint_fixed_height
TWN,2020,1209484101.07,0.8393548753408622,0.16064512465913777,1015186376.8803645,194297724.18963534,observed_2.5d,historical_estimated,,GHS-BUILT-V R2023A,ghs_built_v_volume_share,none,2020-12-31,0.0,observed_input_imputation
TWN,2023,1287307085.79,0.8401269283871603,0.1598730716128397,1081501347.8757794,205805737.91422063,observed_2.5d,interpolated,2020-2025,GHS-BUILT-V R2023A,ghs_built_v_volume_share,none,2023-12-31,0.0,observed_input_imputation
TWN,2024,1301529926.89,0.840384279402593,0.15961572059740703,1093785289.7303622,207744637.15963787,footprint_trend_nowcast,interpolated,2020-2025,GHS-BUILT-V R2023A,ghs_built_v_volume_share,modeled_trend_not_observed;no_dynamic_world_input;forecast_accuracy_unvalidated,2024-08-31,0.6666666666666666,full_footprint_fixed_height
TWN,2025,1323159370.42,0.8406416304180256,0.15935836958197433,1112302850.4527571,210856519.96724284,footprint_trend_nowcast,projected,,GHS-BUILT-V R2023A,ghs_built_v_volume_share,modeled_trend_not_observed;no_dynamic_world_input;forecast_accuracy_unvalidated,2025-08-31,1.6666666666666663,full_footprint_fixed_height
TWN,2026,1345148262.34,0.8403844478017537,0.15961555219824627,1130441679.6580894,214706582.6819105,footprint_trend_nowcast,interpolated,2025-2030,GHS-BUILT-V R2023A,ghs_built_v_volume_share,modeled_trend_not_observed;no_dynamic_world_input;forecast_accuracy_unvalidated,2026-08-31,2.6666666666666665,full_footprint_fixed_height
TZA,2020,1174486408.82,0.9914163005213886,0.008583699478611387,1164404970.4449756,10081438.375024393,observed_2.5d,historical_estimated,,GHS-BUILT-V R2023A,ghs_built_v_volume_share,none,2020-12-31,0.0,observed_input_imputation
TZA,2023,1294453255.68,0.9918560576278331,0.008143942372166871,1283911302.9622784,10541952.71772171,observed_2.5d,interpolated,2020-2025,GHS-BUILT-V R2023A,ghs_built_v_volume_share,none,2023-12-31,0.0,observed_input_imputation
TZA,2024,1322734490.73,0.9920026433299812,0.007997356670018699,1312156111.2278965,10578379.502103353,footprint_trend_nowcast,interpolated,2020-2025,GHS-BUILT-V R2023A,ghs_built_v_volume_share,modeled_trend_not_observed;no_dynamic_world_input;forecast_accuracy_unvalidated,2024-08-31,0.6666666666666666,full_footprint_fixed_height
TZA,2025,1366319092.13,0.9921492290321294,0.007850770967870527,1355592433.8686585,10726658.261341421,footprint_trend_nowcast,projected,,GHS-BUILT-V R2023A,ghs_built_v_volume_share,modeled_trend_not_observed;no_dynamic_world_input;forecast_accuracy_unvalidated,2025-08-31,1.6666666666666663,full_footprint_fixed_height
TZA,2026,1411339822.62,0.9922100312989987,0.007789968701001284,1400345529.5753133,10994293.044686504,footprint_trend_nowcast,interpolated,2025-2030,GHS-BUILT-V R2023A,ghs_built_v_volume_share,modeled_trend_not_observed;no_dynamic_world_input;forecast_accuracy_unvalidated,2026-08-31,2.6666666666666665,full_footprint_fixed_height
UGA,2020,765891927.15,0.9882370191408277,0.011762980859172219,756882755.07074,9009172.079259973,observed_2.5d,historical_estimated,,GHS-BUILT-V R2023A,ghs_built_v_volume_share,none,2020-12-31,0.0,observed_input_imputation
UGA,2023,843272425.23,0.9890542567567004,0.01094574324329961,834042181.7792779,9230243.450722149,observed_2.5d,interpolated,2020-2025,GHS-BUILT-V R2023A,ghs_built_v_volume_share,none,2023-12-31,0.0,observed_input_imputation
UGA,2024,861503167.71,0.9893266692953246,0.010673330704675408,852308059.4979059,9195108.212094272,footprint_trend_nowcast,interpolated,2020-2025,GHS-BUILT-V R2023A,ghs_built_v_volume_share,modeled_trend_not_observed;no_dynamic_world_input;forecast_accuracy_unvalidated,2024-08-31,0.6666666666666666,full_footprint_fixed_height
UGA,2025,889590933.0,0.9895990818339488,0.010400918166051206,880338370.5046059,9252562.49539414,footprint_trend_nowcast,projected,,GHS-BUILT-V R2023A,ghs_built_v_volume_share,modeled_trend_not_observed;no_dynamic_world_input;forecast_accuracy_unvalidated,2025-08-31,1.6666666666666663,full_footprint_fixed_height
UGA,2026,918594449.49,0.989702590823832,0.010297409176167968,909135306.5766448,9459142.913355289,footprint_trend_nowcast,interpolated,2025-2030,GHS-BUILT-V R2023A,ghs_built_v_volume_share,modeled_trend_not_observed;no_dynamic_world_input;forecast_accuracy_unvalidated,2026-08-31,2.6666666666666665,full_footprint_fixed_height
UKR,2020,2808807029.82,0.8603664648579004,0.13963353514209964,2416603374.7142525,392203655.1057475,observed_2.5d,historical_estimated,,GHS-BUILT-V R2023A,ghs_built_v_volume_share,none,2020-12-31,0.0,observed_input_imputation
UKR,2023,2900922302.88,0.860714710985344,0.13928528901465592,2496866501.514298,404055801.36570203,observed_2.5d,interpolated,2020-2025,GHS-BUILT-V R2023A,ghs_built_v_volume_share,none,2023-12-31,0.0,observed_input_imputation
UKR,2024,2921799175.8,0.8608307930278253,0.1391692069721747,2515174701.5719604,406624474.2280397,footprint_trend_nowcast,interpolated,2020-2025,GHS-BUILT-V R2023A,ghs_built_v_volume_share,modeled_trend_not_observed;no_dynamic_world_input;forecast_accuracy_unvalidated,2024-08-31,0.6666666666666666,full_footprint_fixed_height
UKR,2025,2953396528.74,0.8609468750703065,0.13905312492969346,2542717512.2621937,410679016.4778062,footprint_trend_nowcast,projected,,GHS-BUILT-V R2023A,ghs_built_v_volume_share,modeled_trend_not_observed;no_dynamic_world_input;forecast_accuracy_unvalidated,2025-08-31,1.6666666666666663,full_footprint_fixed_height
UKR,2026,2985335586.45,0.8609861472131078,0.13901385278689216,2570332584.7157693,415003001.73423064,footprint_trend_nowcast,interpolated,2025-2030,GHS-BUILT-V R2023A,ghs_built_v_volume_share,modeled_trend_not_observed;no_dynamic_world_input;forecast_accuracy_unvalidated,2026-08-31,2.6666666666666665,full_footprint_fixed_height
URY,2020,209727833.29,0.9700001078223677,0.029999892177632305,203436020.90465155,6291812.385348443,observed_2.5d,historical_estimated,,GHS-BUILT-V R2023A,ghs_built_v_volume_share,none,2020-12-31,0.0,observed_input_imputation
URY,2023,224167211.87,0.9695361376798028,0.030463862320197183,217338212.79088986,6828999.079110152,observed_2.5d,interpolated,2020-2025,GHS-BUILT-V R2023A,ghs_built_v_volume_share,none,2023-12-31,0.0,observed_input_imputation
URY,2024,227508628.54,0.9693814809656145,0.030618519034385474,220542651.26656106,6965977.273438924,footprint_trend_nowcast,interpolated,2020-2025,GHS-BUILT-V R2023A,ghs_built_v_volume_share,modeled_trend_not_observed;no_dynamic_world_input;forecast_accuracy_unvalidated,2024-08-31,0.6666666666666666,full_footprint_fixed_height
URY,2025,232614372.99,0.9692268242514263,0.030773175748573765,225456090.00833446,7158282.981665561,footprint_trend_nowcast,projected,,GHS-BUILT-V R2023A,ghs_built_v_volume_share,modeled_trend_not_observed;no_dynamic_world_input;forecast_accuracy_unvalidated,2025-08-31,1.6666666666666663,full_footprint_fixed_height
URY,2026,237834700.46,0.969139786307894,0.030860213692106068,230495070.7804064,7339629.679593638,footprint_trend_nowcast,interpolated,2025-2030,GHS-BUILT-V R2023A,ghs_built_v_volume_share,modeled_trend_not_observed;no_dynamic_world_input;forecast_accuracy_unvalidated,2026-08-31,2.6666666666666665,full_footprint_fixed_height
USA,2020,35932980078.68,0.8338057479923386,0.1661942520076613,29961125332.09758,5971854746.5824175,observed_2.5d,historical_estimated,,GHS-BUILT-V R2023A,ghs_built_v_volume_share,none,2020-12-31,0.0,observed_input_imputation
USA,2023,38124566298.64,0.8332462698617361,0.16675373013826392,31767152658.438236,6357413640.201766,observed_2.5d,interpolated,2020-2025,GHS-BUILT-V R2023A,ghs_built_v_volume_share,none,2023-12-31,0.0,observed_input_imputation
USA,2024,38629458248.24,0.8330597771515352,0.1669402228484648,32180647879.763348,6448810368.476652,footprint_trend_nowcast,interpolated,2020-2025,GHS-BUILT-V R2023A,ghs_built_v_volume_share,modeled_trend_not_observed;no_dynamic_world_input;forecast_accuracy_unvalidated,2024-08-31,0.6666666666666666,full_footprint_fixed_height
USA,2025,39399360787.89,0.8328732844413343,0.16712671555866568,32814675024.29906,6584685763.590938,footprint_trend_nowcast,projected,,GHS-BUILT-V R2023A,ghs_built_v_volume_share,modeled_trend_not_observed;no_dynamic_world_input;forecast_accuracy_unvalidated,2025-08-31,1.6666666666666663,full_footprint_fixed_height
USA,2026,40184607832.69,0.8327685766759079,0.1672314233240921,33464478669.10879,6720129163.581209,footprint_trend_nowcast,interpolated,2025-2030,GHS-BUILT-V R2023A,ghs_built_v_volume_share,modeled_trend_not_observed;no_dynamic_world_input;forecast_accuracy_unvalidated,2026-08-31,2.6666666666666665,full_footprint_fixed_height
UZB,2020,1997042653.63,0.9764122610087775,0.023587738991222486,1949936932.7618375,47105720.86816277,observed_2.5d,historical_estimated,,GHS-BUILT-V R2023A,ghs_built_v_volume_share,none,2020-12-31,0.0,observed_input_imputation
UZB,2023,2180969221.83,0.9765972721006084,0.023402727899391625,2129928592.5745647,51040629.255435385,observed_2.5d,interpolated,2020-2025,GHS-BUILT-V R2023A,ghs_built_v_volume_share,none,2023-12-31,0.0,observed_input_imputation
UZB,2024,2224089434.58,0.976658942464552,0.023341057535448004,2172176835.123486,51912599.4565138,footprint_trend_nowcast,interpolated,2020-2025,GHS-BUILT-V R2023A,ghs_built_v_volume_share,modeled_trend_not_observed;no_dynamic_world_input;forecast_accuracy_unvalidated,2024-08-31,0.6666666666666666,full_footprint_fixed_height
UZB,2025,2290373511.38,0.9767206128284956,0.023279387171504382,2237055019.6412272,53318491.73877302,footprint_trend_nowcast,projected,,GHS-BUILT-V R2023A,ghs_built_v_volume_share,modeled_trend_not_observed;no_dynamic_world_input;forecast_accuracy_unvalidated,2025-08-31,1.6666666666666663,full_footprint_fixed_height
UZB,2026,2358633038.79,0.97670981683236,0.023290183167640047,2303700043.2913337,54932995.49866655,footprint_trend_nowcast,interpolated,2025-2030,GHS-BUILT-V R2023A,ghs_built_v_volume_share,modeled_trend_not_observed;no_dynamic_world_input;forecast_accuracy_unvalidated,2026-08-31,2.6666666666666665,full_footprint_fixed_height
VCT,2020,6194383.57,0.9659338644444897,0.03406613555551033,5983364.859621555,211018.710378446,observed_2.5d,historical_estimated,,GHS-BUILT-V R2023A,ghs_built_v_volume_share,none,2020-12-31,0.0,observed_input_imputation
VCT,2023,6463658.26,0.966193035691368,0.033806964308631976,6245141.595900985,218516.66409901425,observed_2.5d,interpolated,2020-2025,GHS-BUILT-V R2023A,ghs_built_v_volume_share,none,2023-12-31,0.0,observed_input_imputation
VCT,2024,6525069.15,0.9662794261069941,0.033720573893005854,6305040.073570453,220029.07642954792,footprint_trend_nowcast,interpolated,2020-2025,GHS-BUILT-V R2023A,ghs_built_v_volume_share,modeled_trend_not_observed;no_dynamic_world_input;forecast_accuracy_unvalidated,2024-08-31,0.6666666666666666,full_footprint_fixed_height
VCT,2025,6618281.2,0.9663658165226202,0.03363418347737974,6395680.715814307,222600.48418569294,footprint_trend_nowcast,projected,,GHS-BUILT-V R2023A,ghs_built_v_volume_share,modeled_trend_not_observed;no_dynamic_world_input;forecast_accuracy_unvalidated,2025-08-31,1.6666666666666663,full_footprint_fixed_height
VCT,2026,6712824.81,0.9664407350047894,0.03355926499521047,6487547.343334786,225277.46666521335,footprint_trend_nowcast,interpolated,2025-2030,GHS-BUILT-V R2023A,ghs_built_v_volume_share,modeled_trend_not_observed;no_dynamic_world_input;forecast_accuracy_unvalidated,2026-08-31,2.6666666666666665,full_footprint_fixed_height
VEN,2020,1159546607.65,0.9395639971059098,0.06043600289409022,1089468245.5142322,70078362.1357679,observed_2.5d,historical_estimated,,GHS-BUILT-V R2023A,ghs_built_v_volume_share,none,2020-12-31,0.0,observed_input_imputation
VEN,2023,1171051056.07,0.9391387814816012,0.060861218518398784,1099779461.850322,71271594.21967793,observed_2.5d,interpolated,2020-2025,GHS-BUILT-V R2023A,ghs_built_v_volume_share,none,2023-12-31,0.0,observed_input_imputation
VEN,2024,1173623061.16,0.9389970429401651,0.061002957059834974,1102028583.9556246,71594477.20437557,footprint_trend_nowcast,interpolated,2020-2025,GHS-BUILT-V R2023A,ghs_built_v_volume_share,modeled_trend_not_observed;no_dynamic_world_input;forecast_accuracy_unvalidated,2024-08-31,0.6666666666666666,full_footprint_fixed_height
VEN,2025,1177491664.45,0.9388553043987289,0.061144695601271164,1105494295.0541706,71997369.39582938,footprint_trend_nowcast,projected,,GHS-BUILT-V R2023A,ghs_built_v_volume_share,modeled_trend_not_observed;no_dynamic_world_input;forecast_accuracy_unvalidated,2025-08-31,1.6666666666666663,full_footprint_fixed_height
VEN,2026,1181373019.78,0.9387568867637028,0.06124311323629715,1109022058.155307,72350961.62469286,footprint_trend_nowcast,interpolated,2025-2030,GHS-BUILT-V R2023A,ghs_built_v_volume_share,modeled_trend_not_observed;no_dynamic_world_input;forecast_accuracy_unvalidated,2026-08-31,2.6666666666666665,full_footprint_fixed_height
VNM,2020,4861867508.52,0.9479744391287136,0.05202556087128636,4608926124.507363,252941384.01263663,observed_2.5d,historical_estimated,,GHS-BUILT-V R2023A,ghs_built_v_volume_share,none,2020-12-31,0.0,observed_input_imputation
VNM,2023,5302311451.46,0.9471055496213828,0.05289445037861721,5021848601.4987755,280462849.9612248,observed_2.5d,interpolated,2020-2025,GHS-BUILT-V R2023A,ghs_built_v_volume_share,none,2023-12-31,0.0,observed_input_imputation
VNM,2024,5413933707.19,0.9468159197856059,0.053184080214394164,5125998622.631394,287935084.5586053,footprint_trend_nowcast,interpolated,2020-2025,GHS-BUILT-V R2023A,ghs_built_v_volume_share,modeled_trend_not_observed;no_dynamic_world_input;forecast_accuracy_unvalidated,2024-08-31,0.6666666666666666,full_footprint_fixed_height
VNM,2025,5585788439.39,0.9465262899498289,0.05347371005017111,5287095607.980462,298692831.4095387,footprint_trend_nowcast,projected,,GHS-BUILT-V R2023A,ghs_built_v_volume_share,modeled_trend_not_observed;no_dynamic_world_input;forecast_accuracy_unvalidated,2025-08-31,1.6666666666666663,full_footprint_fixed_height
VNM,2026,5763098363.8,0.9462505642077872,0.053749435792212856,5453335078.330726,309763285.46927506,footprint_trend_nowcast,interpolated,2025-2030,GHS-BUILT-V R2023A,ghs_built_v_volume_share,modeled_trend_not_observed;no_dynamic_world_input;forecast_accuracy_unvalidated,2026-08-31,2.6666666666666665,full_footprint_fixed_height
VUT,2020,8193524.7,0.9573585884092144,0.04264141159078557,7844141.240888032,349383.4591119679,observed_2.5d,historical_estimated,,GHS-BUILT-V R2023A,ghs_built_v_volume_share,none,2020-12-31,0.0,observed_input_imputation
VUT,2023,8711962.64,0.9574283570418705,0.042571642958129506,8341080.077025357,370882.56297464337,observed_2.5d,interpolated,2020-2025,GHS-BUILT-V R2023A,ghs_built_v_volume_share,none,2023-12-31,0.0,observed_input_imputation
VUT,2024,8831554.8,0.9574516132527559,0.04254838674724415,8455786.39079012,375768.40920988045,footprint_trend_nowcast,interpolated,2020-2025,GHS-BUILT-V R2023A,ghs_built_v_volume_share,modeled_trend_not_observed;no_dynamic_world_input;forecast_accuracy_unvalidated,2024-08-31,0.6666666666666666,full_footprint_fixed_height
VUT,2025,9014028.23,0.9574748694636412,0.04252513053635879,8630705.502860827,383322.7271391732,footprint_trend_nowcast,projected,,GHS-BUILT-V R2023A,ghs_built_v_volume_share,modeled_trend_not_observed;no_dynamic_world_input;forecast_accuracy_unvalidated,2025-08-31,1.6666666666666663,full_footprint_fixed_height
VUT,2026,9200271.84,0.9575312389110818,0.042468761088918255,8809547.69327394,390724.14672606235,footprint_trend_nowcast,interpolated,2025-2030,GHS-BUILT-V R2023A,ghs_built_v_volume_share,modeled_trend_not_observed;no_dynamic_world_input;forecast_accuracy_unvalidated,2026-08-31,2.6666666666666665,full_footprint_fixed_height
WSM,2020,8105266.0,0.9944223628777449,0.005577637122255153,8060057.767472648,45208.232527352535,observed_2.5d,historical_estimated,,GHS-BUILT-V R2023A,ghs_built_v_volume_share,none,2020-12-31,0.0,observed_input_imputation
WSM,2023,9166225.33,0.9944225436046995,0.0055774563953004345,9115101.107912427,51124.22208757333,observed_2.5d,interpolated,2020-2025,GHS-BUILT-V R2023A,ghs_built_v_volume_share,none,2023-12-31,0.0,observed_input_imputation
WSM,2024,9420248.6,0.9944226038470177,0.005577396152982196,9367708.141698223,52540.458301775914,footprint_trend_nowcast,interpolated,2020-2025,GHS-BUILT-V R2023A,ghs_built_v_volume_share,modeled_trend_not_observed;no_dynamic_world_input;forecast_accuracy_unvalidated,2024-08-31,0.6666666666666666,full_footprint_fixed_height
WSM,2025,9814543.77,0.994422664089336,0.005577335910663956,9759804.762584794,54739.0074152042,footprint_trend_nowcast,projected,,GHS-BUILT-V R2023A,ghs_built_v_volume_share,modeled_trend_not_observed;no_dynamic_world_input;forecast_accuracy_unvalidated,2025-08-31,1.6666666666666663,full_footprint_fixed_height
WSM,2026,10225342.62,0.994436553324828,0.0055634466751718886,10168454.471598266,56888.148401732404,footprint_trend_nowcast,interpolated,2025-2030,GHS-BUILT-V R2023A,ghs_built_v_volume_share,modeled_trend_not_observed;no_dynamic_world_input;forecast_accuracy_unvalidated,2026-08-31,2.6666666666666665,full_footprint_fixed_height
XKX,2020,99696243.14,0.9023785325033983,0.09762146749660176,89963749.58077519,9732493.559224816,observed_2.5d,historical_estimated,,GHS-BUILT-V R2023A,ghs_built_v_volume_share,none,2020-12-31,0.0,observed_input_imputation
XKX,2023,107954190.34,0.9012768563519804,0.09872314364801962,97296613.29965854,10657577.040341472,observed_2.5d,interpolated,2020-2025,GHS-BUILT-V R2023A,ghs_built_v_volume_share,none,2023-12-31,0.0,observed_input_imputation
XKX,2024,109880256.02,0.9009096309681744,0.09909036903182558,98992180.90166673,10888075.118333274,footprint_trend_nowcast,interpolated,2020-2025,GHS-BUILT-V R2023A,ghs_built_v_volume_share,modeled_trend_not_observed;no_dynamic_world_input;forecast_accuracy_unvalidated,2024-08-31,0.6666666666666666,full_footprint_fixed_height
XKX,2025,112833978.05,0.9005424055843685,0.09945759441563154,101611782.02480082,11222196.025199171,footprint_trend_nowcast,projected,,GHS-BUILT-V R2023A,ghs_built_v_volume_share,modeled_trend_not_observed;no_dynamic_world_input;forecast_accuracy_unvalidated,2025-08-31,1.6666666666666663,full_footprint_fixed_height
XKX,2026,115867099.91,0.9002685763227587,0.09973142367724135,104311509.07862253,11555590.831377462,footprint_trend_nowcast,interpolated,2025-2030,GHS-BUILT-V R2023A,ghs_built_v_volume_share,modeled_trend_not_observed;no_dynamic_world_input;forecast_accuracy_unvalidated,2026-08-31,2.6666666666666665,full_footprint_fixed_height
YEM,2020,454480387.69,0.9870548721002943,0.012945127899705706,448597080.9434451,5883306.746554885,observed_2.5d,historical_estimated,,GHS-BUILT-V R2023A,ghs_built_v_volume_share,none,2020-12-31,0.0,observed_input_imputation
YEM,2023,497021869.96,0.9871639995021942,0.012836000497805766,490642096.9897731,6379772.970226912,observed_2.5d,interpolated,2020-2025,GHS-BUILT-V R2023A,ghs_built_v_volume_share,none,2023-12-31,0.0,observed_input_imputation
YEM,2024,507003704.77,0.9872003753028276,0.012799624697172452,500514247.628868,6489457.141132022,footprint_trend_nowcast,interpolated,2020-2025,GHS-BUILT-V R2023A,ghs_built_v_volume_share,modeled_trend_not_observed;no_dynamic_world_input;forecast_accuracy_unvalidated,2024-08-31,0.6666666666666666,full_footprint_fixed_height
YEM,2025,522353589.66,0.9872367511034609,0.01276324889653914,515686660.7831688,6666928.876831254,footprint_trend_nowcast,projected,,GHS-BUILT-V R2023A,ghs_built_v_volume_share,modeled_trend_not_observed;no_dynamic_world_input;forecast_accuracy_unvalidated,2025-08-31,1.6666666666666663,full_footprint_fixed_height
YEM,2026,538168202.84,0.9872268525407506,0.0127731474592494,531294101.02724546,6874101.812754562,footprint_trend_nowcast,interpolated,2025-2030,GHS-BUILT-V R2023A,ghs_built_v_volume_share,modeled_trend_not_observed;no_dynamic_world_input;forecast_accuracy_unvalidated,2026-08-31,2.6666666666666665,full_footprint_fixed_height
ZAF,2020,2711325840.61,0.9550675665623736,0.04493243343762643,2589499372.749075,121826467.86092536,observed_2.5d,historical_estimated,,GHS-BUILT-V R2023A,ghs_built_v_volume_share,none,2020-12-31,0.0,observed_input_imputation
ZAF,2023,2889099648.76,0.9556917449942729,0.044308255005727055,2761088684.7857857,128010963.97421455,observed_2.5d,interpolated,2020-2025,GHS-BUILT-V R2023A,ghs_built_v_volume_share,none,2023-12-31,0.0,observed_input_imputation
ZAF,2024,2930161717.38,0.9558998044715727,0.04410019552842727,2800941012.7136297,129220704.66637024,footprint_trend_nowcast,interpolated,2020-2025,GHS-BUILT-V R2023A,ghs_built_v_volume_share,modeled_trend_not_observed;no_dynamic_world_input;forecast_accuracy_unvalidated,2024-08-31,0.6666666666666666,full_footprint_fixed_height
ZAF,2025,2992851667.47,0.9561078639488725,0.043892136051127476,2861489014.900563,131362652.56943695,footprint_trend_nowcast,projected,,GHS-BUILT-V R2023A,ghs_built_v_volume_share,modeled_trend_not_observed;no_dynamic_world_input;forecast_accuracy_unvalidated,2025-08-31,1.6666666666666663,full_footprint_fixed_height
ZAF,2026,3056882850.66,0.9561681130950455,0.043831886904954515,2922893907.2681756,133988943.39182408,footprint_trend_nowcast,interpolated,2025-2030,GHS-BUILT-V R2023A,ghs_built_v_volume_share,modeled_trend_not_observed;no_dynamic_world_input;forecast_accuracy_unvalidated,2026-08-31,2.6666666666666665,full_footprint_fixed_height
ZMB,2020,396696842.5,0.974643029712934,0.025356970287065912,386637812.4517546,10059030.048245367,observed_2.5d,historical_estimated,,GHS-BUILT-V R2023A,ghs_built_v_volume_share,none,2020-12-31,0.0,observed_input_imputation
ZMB,2023,437281444.48,0.9754469803870413,0.024553019612958683,426544864.59729964,10736579.882700345,observed_2.5d,interpolated,2020-2025,GHS-BUILT-V R2023A,ghs_built_v_volume_share,none,2023-12-31,0.0,observed_input_imputation
ZMB,2024,446849793.16,0.9757149639450771,0.02428503605492294,435998029.8219746,10851763.338025458,footprint_trend_nowcast,interpolated,2020-2025,GHS-BUILT-V R2023A,ghs_built_v_volume_share,modeled_trend_not_observed;no_dynamic_world_input;forecast_accuracy_unvalidated,2024-08-31,0.6666666666666666,full_footprint_fixed_height
ZMB,2025,461596311.31,0.9759829475031128,0.0240170524968872,450510128.46889824,11086182.841101756,footprint_trend_nowcast,projected,,GHS-BUILT-V R2023A,ghs_built_v_volume_share,modeled_trend_not_observed;no_dynamic_world_input;forecast_accuracy_unvalidated,2025-08-31,1.6666666666666663,full_footprint_fixed_height
ZMB,2026,476829480.25,0.9760922772701563,0.02390772272984364,465429573.2467675,11399907.003232453,footprint_trend_nowcast,interpolated,2025-2030,GHS-BUILT-V R2023A,ghs_built_v_volume_share,modeled_trend_not_observed;no_dynamic_world_input;forecast_accuracy_unvalidated,2026-08-31,2.6666666666666665,full_footprint_fixed_height
ZWE,2020,420425813.98,0.9597735489743147,0.04022645102568539,403513575.56399965,16912238.416000385,observed_2.5d,historical_estimated,,GHS-BUILT-V R2023A,ghs_built_v_volume_share,none,2020-12-31,0.0,observed_input_imputation
ZWE,2023,459465466.59,0.9628625951085713,0.037137404891428735,442402111.5236179,17063355.06638205,observed_2.5d,interpolated,2020-2025,GHS-BUILT-V R2023A,ghs_built_v_volume_share,none,2023-12-31,0.0,observed_input_imputation
ZWE,2024,468621858.9,0.9638922771533235,0.036107722846676515,451700990.69894445,16920868.20105555,footprint_trend_nowcast,interpolated,2020-2025,GHS-BUILT-V R2023A,ghs_built_v_volume_share,modeled_trend_not_observed;no_dynamic_world_input;forecast_accuracy_unvalidated,2024-08-31,0.6666666666666666,full_footprint_fixed_height
ZWE,2025,482699715.67,0.9649219591980757,0.035078040801924296,465767555.34865046,16932160.321349517,footprint_trend_nowcast,projected,,GHS-BUILT-V R2023A,ghs_built_v_volume_share,modeled_trend_not_observed;no_dynamic_world_input;forecast_accuracy_unvalidated,2025-08-31,1.6666666666666663,full_footprint_fixed_height
ZWE,2026,497200484.96,0.9653539369199732,0.03464606308002674,479974445.5946559,17226039.365344044,footprint_trend_nowcast,interpolated,2025-2030,GHS-BUILT-V R2023A,ghs_built_v_volume_share,modeled_trend_not_observed;no_dynamic_world_input;forecast_accuracy_unvalidated,2026-08-31,2.6666666666666665,full_footprint_fixed_height
